,Unnamed: 0,product_id,brand,product_title,actual_price,special_price,average_rating,total_ratings,category,sub_category,product_image,extra_image,details,description,discount,url
0,0,WATG58TSDZXP57XZ,hmte,Day&Date Series Analog Watch  - For Women HM-6742,999,299,4.1,10172,Watches,"['Home', 'Watches', 'Wrist Watches', 'hmte Wrist Watches', 'hmte Day&Date Series Analog Watch  - For Women\n']",https://rukminim2.flixcart.com/image/832/832/xif0q/watch/f/s/b/-original-imagrdzfvrynuztv.jpeg?q=70,"['https://rukminim2.flixcart.com/image/128/128/xif0q/watch/f/s/b/-original-imagrdzfvrynuztv.jpeg?q=70', 'https://rukminim2.flixcart.com/image/128/128/xif0q/watch/l/a/6/-original-imagpzzj4xays5we.jpeg?q=70', 'https://rukminim2.flixcart.com/image/128/128/krgohow0/watch/a/y/w/hm-6742-hmte-original-imag58treasndmfx.jpeg?q=70', 'https://rukminim2.flixcart.com/image/128/128/krgohow0/watch/9/q/f/hm-6742-hmte-original-imag58trzhvzz2sv.jpeg?q=70', 'https://rukminim2.flixcart.com/image/128/128/knoxnrk0/watch/f/m/d/hm-1992-hmte-original-imag2bautzxygzhk.jpeg?q=70', 'https://rukminim2.flixcart.com/image/128/128/l0h1g280/watch/g/r/t/1-hm-6742-hmte-women-original-imagc9f25fkyf9zv.jpeg?q=70']","['Yes', 'Analog', 'HM-6742', 'Day&Date Series', 'Casual, Formal', 'Wrist Watch', '1', 'Silver', 'No', 'No', 'Day&Date Watch, Blue Watch, Day&Date Calender, HMTe Calendar, Ladies Watch, Steel Chain Watch', 'No', 'Card Board', 'Multicolor', '12 Months( 1 Year)']","Catering to men and women, Hmte represents sophisticated elegance that reflects todayâ€™s expression of style. 
With looks and impressive features, this watch will be a great addition to your wardrobe, this battery-powered watch looks classy on your wrist",70,https://www.flipkart.com/hmte-day-date-series-analog-watch-women/p/itmb79e0e4597698?pid=WATG58TSDZXP57XZ&lid=LSTWATG58TSDZXP57XZ6XBTFW&marketplace=FLIPKART&q=watches+for+women&store=r18%2Ff13&srno=s_1_1&otracker=search&fm=organic&iid=en_Cfj83B2KYjdRlX_ZNUCFy-B85mS6Nj88LjGyzcCpDioNYwAkWBCIgM0fs680k9QIboa-CrlRJ_6VXd5y4-1HiQ%3D%3D&ppt=None&ppn=None&ssid=xm2q0afihc0000001693129300955&qH=96cd62809c2c7c6c
1,1,WATG9AF2YKDAPUZ4,TIMEWEAR,TIMEWEAR Silver Pink Dial Stainless Steel Strap Analog Watch  - For Women 288SDTL,1299,303,4.2,9682,Watches,"['Home', 'Watches', 'Wrist Watches', 'TIMEWEAR Wrist Watches', 'TIMEWEAR 288SDTL TIMEWEAR Silver Pink Dial Stainless Steel Strap Analog Watch  - For Women\n']",https://rukminim2.flixcart.com/image/832/832/kwnv6a80/watch/p/m/s/1-288sdtl-timewear-women-original-imag9af22fwx6ka9.jpeg?q=70,"['https://rukminim2.flixcart.com/image/128/128/kwnv6a80/watch/p/m/s/1-288sdtl-timewear-women-original-imag9af22fwx6ka9.jpeg?q=70', 'https://rukminim2.flixcart.com/image/128/128/xif0q/watch/6/f/i/-original-imaghny5fknvdcjj.jpeg?q=70', 'https://rukminim2.flixcart.com/image/128/128/kwnv6a80/watch/t/n/g/1-288sdtl-timewear-women-original-imag9af2xzzefzzq.jpeg?q=70', 'https://rukminim2.flixcart.com/image/128/128/kwnv6a80/watch/o/e/m/1-288sdtl-timewear-women-original-imag9af2npvakdwe.jpeg?q=70', 'https://rukminim2.flixcart.com/image/128/128/kmax8y80/watch/u/l/1/276wdntl-timewear-original-imagf8pdkpxudwmj.jpeg?q=70', 'https://rukminim2.flixcart.com/image/128/128/xif0q/watch/0/a/j/-original-imagfjhd9srjg2ry.jpeg?q=70']","['Analog', '288SDTL', 'TIMEWEAR Silver Pink Dial Stainless Steel Strap', 'Party-Wedding, Formal, Casual', '1', 'Package Includes: 1 Watch | Company Box | Warranty Card | Gst Paid Bill', 'Quartz', '288SDTL', 'Silver', 'Stainless Steel', 'Alloy Case', 'Buckle', 'Silver', '32 mm', '7 mm', '50 g', '1 Year', 'Manufacturing Defects are Covered under Warranty | Physical damages are Not covered under Warranty | No Warranty for ""Water Proof"" | No Claim for Warranty in case of Water found inside Watch | For Service / Repair / Replace - Under Warranty! Customer/Buyer has to send the watch to our Service Center at there own cost | Customer Support No.: +919911990088 Timings: 10.30 am to 05.30 pm Monday to Saturday (excluding all statutory holidays) | email: cs@timewear.in', '12 Months( 1 Year)']",TIMEWEAR Analog Silver Pink Dial Stainless Steel Strap Watch for Women,76,https://www.flipkart.com/timewear-288sdtl-silver-pink-dial-stainless-steel-strap-analog-watch-women/p/itmcbcea7bb24438?pid=WATG9AF2YKDAPUZ4&lid=LSTWATG9AF2YKDAPUZ4FNE07E&marketplace=FLIPKART&q=watches+for+women&store=r18%2Ff13&srno=s_1_2&otracker=search&fm=organic&iid=en_Cfj83B2KYjdRlX_ZNUCFy-B85mS6Nj88LjGyzcCpDipqU7zHy2OijbSDaBlIlc3s8_iL3-UKH5CH1pUR_PsqzQ%3D%3D&ppt=None&ppn=None&ssid=xm2q0afihc0000001693129300955&qH=96cd62809c2c7c6c
2,2,WATFFH7975AZAHZH,CASIO,Enticer Lady's ( LTP-V005D-7B2UDF ) Analog Watch  - For Women A1679,2395,999,4.2,1347,Watches,"['Home', 'Watches', 'Wrist Watches', 'CASIO Wrist Watches', ""CASIO LTP-V005D-7B2UDF Enticer Lady's ( LTP-V005D-7B2UDF ) Analog Watch  - For Women\n""]",https://rukminim2.flixcart.com/image/832/832/xif0q/watch/d/1/q/-original-imagrh69b2b9dpmn.jpeg?q=70,"['https://rukminim2.flixcart.com/image/128/128/xif0q/watch/d/1/q/-original-imagrh69b2b9dpmn.jpeg?q=70', 'https://rukminim2.flixcart.com/image/128/128/xif0q/watch/d/1/q/-original-imagrh69b2b9dpmn.jpeg?q=70', 'https://rukminim2.flixcart.com/image/128/128/jxdkpzk0/watch/h/z/h/a1679-casio-original-imafhhrbhrzzqdbx.jpeg?q=70', 'https://rukminim2.flixcart.com/image/128/128/xif0q/watch/b/t/n/-original-imagrzsuqh9anzjj.jpeg?q=70', 'https://rukminim2.flixcart.com/image/128/128/l1l1rww0/watch/b/m/q/-original-imagd443tbdhxkmn.jpeg?q=70', 'https://rukminim2.flixcart.com/image/128/128/jxapua80/watch/h/z/h/a1679-casio-original-imafhsbgcadt2fgh.jpeg?q=70', 'https://rukminim2.flixcart.com/image/128/128/jwtkk280/watch/h/z/h/a1679-casio-original-imafhf6xegduvggp.jpeg?q=70', 'https://rukminim2.flixcart.com/image/128/128/jxapua80/watch/h/z/h/a1679-casio-original-imafhsbgq8hzjaqg.jpeg?q=70', 'https://rukminim2.flixcart.com/image/128/128/jwtkk280/watch/h/z/h/a1679-casio-original-imafhf7brbxvrfrt.jpeg?q=70', 'https://rukminim2.flixcart.com/image/128/128/jwtkk280/watch/h/z/h/a1679-casio-original-imafhf6vybq2hxjz.jpeg?q=70', 'https://rukminim2.flixcart.com/image/128/128/jwtkk280/watch/h/z/h/a1679-casio-original-imafhf6zcehabmgz.jpeg?q=70', 'https://rukminim2.flixcart.com/image/128/128/kruyw7k0/watch/8/i/d/grey-2515-casio-original-imag5jszhjmfqvpv.jpeg?q=70', 'https://rukminim2.flixcart.com/image/128/128/ky65wnk0/watch/7/8/v/-original-imagaghcshzjakda.jpeg?q=70']","['Yes', 'Analog', 'A1679', ""Enticer Lady's ( LTP-V005D-7B2UDF )"", 'Casual', 'Metallic', '1', '1 Box, 1 Warranty Term Sheet, 1 Warranty Card With Serial Number, 1 Watch, 1 User Manual', 'Quartz', 'LTP-V005D-7B2UDF', 'Silver', 'Stainless Steel Strap', 'Linked', 'Ion Plated', '30', 'Battery Powered', 'Triple-Fold Clasp', 'Mineral Glass, Regular timekeeping: Analog: 3 hands (hour, minute, second), Accuracy: 20 seconds per month', 'Silver', '28 mm', '28 mm', '7.5 mm', '52 g', '2 Year', ""Customer Needs to Visit the Authorized Service Centre, along with Tax Paid Invoice & duly Warranty Card with Serial Number and alternatively to Register this Product Online for Warranty, the Customer has to visit https://register.casio.in. Post Login, Please Select the 'Online Store' Option and Follow the Steps for Registration. Please Refer to the aforementioned Link for Further Details."", '2 Years']",Enticer Ladies,58,https://www.flipkart.com/casio-ltp-v005d-7b2udf-enticer-lady-s-analog-watch-women/p/itmffh7aqgf9fyfb?pid=WATFFH7975AZAHZH&lid=LSTWATFFH7975AZAHZHEQ7SEQ&marketplace=FLIPKART&q=watches+for+women&store=r18%2Ff13&srno=s_1_3&otracker=search&fm=organic&iid=e48e1337-9b60-4dfc-91ea-470732cfffb0.WATFFH7975AZAHZH.SEARCH&ppt=None&ppn=None&ssid=xm2q0afihc0000001693129300955&qH=96cd62809c2c7c6c
3,3,WATFGGSTUMBFZMZK,FOSSIL,Stella Analog Watch  - For Women ES4079,14495,6446,4.5,3735,Watches,"['Home', 'Watches', 'Wrist Watches', 'FOSSIL Wrist Watches', 'FOSSIL Stella Stella Analog Watch  - For Women\n']",https://rukminim2.flixcart.com/image/832/832/jwgple80/watch/m/z/k/es4079-fossil-original-imafh4ybhzqum5ug.jpeg?q=70,"['https://rukminim2.flixcart.com/image/128/128/jwgple80/watch/m/z/k/es4079-fossil-original-imafh4ybhzqum5ug.jpeg?q=70', 'https://rukminim2.flixcart.com/image/128/128/jwgple80/watch/m/z/k/es4079-fossil-original-imafh4ybhzqum5ug.jpeg?q=70', 'https://rukminim2.flixcart.com/image/128/128/l0bbonk0/watch/a/s/u/-original-imagc4mhrmzxdakr.jpeg?q=70', 'https://rukminim2.flixcart.com/image/128/128/xif0q/watch/g/d/3/-original-imagrzsxz9y55jpr.jpeg?q=70', 'https://rukminim2.flixcart.com/image/128/128/jwgple80/watch/m/z/k/es4079-fossil-original-imafh4ybj4bxrfzz.jpeg?q=70', 'https://rukminim2.flixcart.com/image/128/128/jwgple80/watch/m/z/k/es4079-fossil-original-imafh4ybz6t6ggfg.jpeg?q=70', 'https://rukminim2.flixcart.com/image/128/128/jwgple80/watch/m/z/k/es4079-fossil-original-imafh4yb8npz9kzh.jpeg?q=70']","['Yes', 'Analog', 'ES4079', 'Stella', 'Party-Wedding', 'Metallic, Thick Straps', '1', '1x Fossil Stella Multi Watches ES4079', 'No', 'Stella', 'Brown', 'Stainless Steel Strap', 'Strap', 'Stainless Steel', '50', '2 Pusher Foldover Clasp', 'Brown', '38 mm', '2 Year', '6 Months']","Effortlessly easy, our new Stella plays with shades of color in a whole new light. The mixture of dark brown and rose gold-tone stainless steel creates glints of interest to your arm party, while shimmery crystals and a rose dial add the perfect amount of shine.",55,https://www.flipkart.com/fossil-stella-analog-watch-women/p/itmfggstczv4zfzg?pid=WATFGGSTUMBFZMZK&lid=LSTWATFGGSTUMBFZMZK6TVEBM&marketplace=FLIPKART&q=watches+for+women&store=r18%2Ff13&spotlightTagId=TrendingId_r18%2Ff13&srno=s_1_4&otracker=search&fm=organic&iid=e48e1337-9b60-4dfc-91ea-470732cfffb0.WATFGGSTUMBFZMZK.SEARCH&ppt=None&ppn=None&ssid=xm2q0afihc0000001693129300955&qH=96cd62809c2c7c6c
4,4,WATG5JXDGFSBBHFZ,TIMEX,Analog Watch  - For Women TWTL87SMU08,2495,999,4.3,1281,Watches,"['Home', 'Watches', 'Wrist Watches', 'TIMEX Wrist Watches', 'TIMEX Analog Watch  - For Women\n']",https://rukminim2.flixcart.com/image/832/832/xif0q/watch/b/b/n/-original-imagrgwxdfynh6je.jpeg?q=70,"['https://rukminim2.flixcart.com/image/128/128/xif0q/watch/b/b/n/-original-imagrgwxdfynh6je.jpeg?q=70', 'https://rukminim2.flixcart.com/image/128/128/xif0q/watch/b/b/n/-original-imagrgwxdfynh6je.jpeg?q=70', 'https://rukminim2.flixcart.com/image/128/128/ktvucnk0/watch/g/d/g/twtl87smu08-timex-women-original-imag74m7kzzambyh.jpeg?q=70', 'https://rukminim2.flixcart.com/image/128/128/xif0q/watch/j/n/y/-original-imagsyzccjbmqm3b.jpeg?q=70', 'https://rukminim2.flixcart.com/image/128/128/l0bbonk0/watch/z/p/m/-original-imagc4nqwhuhdytn.jpeg?q=70', 'https://rukminim2.flixcart.com/image/128/128/ktvucnk0/watch/s/5/q/twtl87smu08-timex-women-original-imag74m7hsrureew.jpeg?q=70', 'https://rukminim2.flixcart.com/image/128/128/ktvucnk0/watch/3/z/i/twtl87smu08-timex-women-original-imag74m7fyzzvsd8.jpeg?q=70', 'https://rukminim2.flixcart.com/image/128/128/ktvucnk0/watch/4/r/y/twtl87smu08-timex-women-original-imag74m7sybefkvw.jpeg?q=70', 'https://rukminim2.flixcart.com/image/128/128/ktvucnk0/watch/l/m/y/twtl87smu08-timex-women-original-imag74m7pgfjrtrf.jpeg?q=70']","['Yes', 'Analog', 'TWTL87SMU08', 'Casual', 'Wrist Watch', '1', 'No', 'No', 'Quartz', 'Black', 'Stainless Steel Strap', 'No', 'No', 'Bracelet', 'Brass', '30', 'Battery Powered', 'No', 'Push-Button clasp', 'Cardboard', '3 Hands', 'Black', '8.1 mm', '28 mm', '54.95 g', '1 Year', '1 Year Warranty against manufacturing defects.', '12 Months( 1 Year)']",28mm Women's full black bracelet watch with black dial.,59,https://www.flipkart.com/timex-analog-watch-women/p/itma2137b6409875?pid=WATG5JXDGFSBBHFZ&lid=LSTWATG5JXDGFSBBHFZG0F4BE&marketplace=FLIPKART&q=watches+for+women&store=r18%2Ff13&srno=s_1_5&otracker=search&fm=organic&iid=e48e1337-9b60-4dfc-91ea-470732cfffb0.WATG5JXDGFSBBHFZ.SEARCH&ppt=None&ppn=None&ssid=xm2q0afihc0000001693129300955&qH=96cd62809c2c7c6c
5,5,WATFWYU3ZGMR58SY,FOSSIL,Izzy Analog Watch  - For Women ES4782,12495,6247,4.5,3471,Watches,"['Home', 'Watches', 'Wrist Watches', 'FOSSIL Wrist Watches', 'FOSSIL Izzy Izzy Analog Watch  - For Women\n']",https://rukminim2.flixcart.com/image/832/832/xif0q/watch/v/b/m/-original-imagrh69jk22fy8y.jpeg?q=70,"['https://rukminim2.flixcart.com/image/128/128/xif0q/watch/v/b/m/-original-imagrh69jk22fy8y.jpeg?q=70', 'https://rukminim2.flixcart.com/image/128/128/xif0q/watch/v/b/m/-original-imagrh69jk22fy8y.jpeg?q=70', 'https://rukminim2.flixcart.com/image/128/128/kwmfqfk0/watch/q/h/k/1-es4782-fossil-women-original-imag998fzzpknane.jpeg?q=70', 'https://rukminim2.flixcart.com/image/128/128/xif0q/watch/y/v/z/-original-imags7g24dnbwkwk.jpeg?q=70', 'https://rukminim2.flixcart.com/image/128/128/l01blow0/watch/o/a/i/-original-imagbwzywg7mdwpd.jpeg?q=70', 'https://rukminim2.flixcart.com/image/128/128/kwmfqfk0/watch/f/f/u/1-es4782-fossil-women-original-imag998fzxuuytr5.jpeg?q=70', 'https://rukminim2.flixcart.com/image/128/128/kwmfqfk0/watch/k/w/u/1-es4782-fossil-women-original-imag998fe9autfu8.jpeg?q=70', 'https://rukminim2.flixcart.com/image/128/128/kwmfqfk0/watch/j/5/r/1-es4782-fossil-women-original-imag998fgmnhphjm.jpeg?q=70', 'https://rukminim2.flixcart.com/image/128/128/kwmfqfk0/watch/8/h/o/1-es4782-fossil-women-original-imag998f3hyzgfbe.jpeg?q=70']","['Yes', 'Analog', 'ES4782', 'Izzy', 'Casual', 'Wrist Watch', '1', '1x Fossil Izzy Rose Gold Watch ES4782', 'No', 'No', 'Izzy', 'Rose Gold', 'Stainless Steel Strap', 'Bracelet', 'Stainless Steel', '50', '2 Pusher Foldover Clasp', 'Rose Gold', '16 mm', '35 mm', '9 mm', '35 mm', '121.5 g', '2 Year', '2 Years']","A watch made to exert your power with style, this women's multifunction watch from the House of Fossil is a must have for every influential woman out there. The Fossil's Izzy watch features a rose gold sunray dial with a glitz top ring, multifunction movement and a rose gold-tone three-link stainless steel bracelet. And making this a light-weight casual style you can wear on the go anywhere.",50,https://www.flipkart.com/fossil-izzy-analog-watch-women/p/itm522147d011818?pid=WATFWYU3ZGMR58SY&lid=LSTWATFWYU3ZGMR58SYKWQE2Z&marketplace=FLIPKART&q=watches+for+women&store=r18%2Ff13&srno=s_1_6&otracker=search&fm=organic&iid=e48e1337-9b60-4dfc-91ea-470732cfffb0.WATFWYU3ZGMR58SY.SEARCH&ppt=None&ppn=None&ssid=xm2q0afihc0000001693129300955&qH=96cd62809c2c7c6c
6,6,WATF4DZDG4TRJXMS,KNACK,Analog Watch  - For Women KN-003 New Rose gold colored diamond studded strap Chronograph pattern watch for Girls,1500,279,3.9,2133,Watches,"['Home', 'Watches', 'Wrist Watches', 'KNACK Wrist Watches', 'KNACK Analog Watch  - For Women\n']",https://rukminim2.flixcart.com/image/832/832/xif0q/watch/k/k/t/-original-imagpzzgk47rhgrz.jpeg?q=70,"['https://rukminim2.flixcart.com/image/128/128/xif0q/watch/k/k/t/-original-imagpzzgk47rhgrz.jpeg?q=70', 'https://rukminim2.flixcart.com/image/128/128/klwmufk0/watch/c/3/s/kn-003-new-rose-gold-colored-diamond-studded-strap-chronograph-original-imagyxe96z8ugftd.jpeg?q=70', 'https://rukminim2.flixcart.com/image/128/128/klwmufk0/watch/w/j/0/kn-003-new-rose-gold-colored-diamond-studded-strap-chronograph-original-imagyxe93chzv4ep.jpeg?q=70', 'https://rukminim2.flixcart.com/image/128/128/klwmufk0/watch/n/6/z/kn-003-new-rose-gold-colored-diamond-studded-strap-chronograph-original-imagyxe9ggg5fzxh.jpeg?q=70', 'https://rukminim2.flixcart.com/image/128/128/klwmufk0/watch/k/j/5/kn-003-new-rose-gold-colored-diamond-studded-strap-chronograph-original-imagyxe9qxqgbw2h.jpeg?q=70', 'https://rukminim2.flixcart.com/image/128/128/xif0q/watch/y/u/v/1-kn-003-new-rose-gold-colored-diamond-studded-strap-chronograph-original-imagnhxzgmhxqdwq.jpeg?q=70', 'https://rukminim2.flixcart.com/image/128/128/xif0q/watch/s/6/k/1-kn-003-new-rose-gold-colored-diamond-studded-strap-chronograph-original-imagpengdhg5h2kz.jpeg?q=70', 'https://rukminim2.flixcart.com/image/128/128/xif0q/watch/s/b/l/1-kn-003-new-rose-gold-colored-diamond-studded-strap-chronograph-original-imagpengtnxaeceg.jpeg?q=70', 'https://rukminim2.flixcart.com/image/128/128/xif0q/watch/l/i/g/1-kn-003-new-rose-gold-colored-diamond-studded-strap-chronograph-original-imagpengy2qxn22g.jpeg?q=70', 'https://rukminim2.flixcart.com/image/128/128/xif0q/watch/b/u/d/1-kn-003-new-rose-gold-colored-diamond-studded-strap-chronograph-original-imagpengbx6fmvpe.jpeg?q=70', 'https://rukminim2.flixcart.com/image/128/128/xif0q/watch/d/a/p/1-kn-003-new-rose-gold-colored-diamond-studded-strap-chronograph-original-imagpengtvfxkfsf.jpeg?q=70', 'https://rukminim2.flixcart.com/image/128/128/xif0q/watch/c/c/h/1-kn-003-new-rose-gold-colored-diamond-studded-strap-chronograph-original-imagpengrfmspysd.jpeg?q=70']","['Analog', 'KN-003 New Rose gold colored diamond studded strap Chronograph pattern watch for Girls', 'Party-Wedding', 'Wrist Watch', '1', 'Watch', 'Quartz', 'Rose Gold', 'Metal Strap', 'Bracelet', 'Enamel Droplets', 'Metal', 'Battery Powered', 'Push Claps', 'Cardboard', 'Rose Gold', '7 mm', 'Off-site Warranty.', '6 Months']",,81,https://www.flipkart.com/knack-analog-watch-women/p/itmf4e4nmfgxsr6a?pid=WATF4DZDG4TRJXMS&lid=LSTWATF4DZDG4TRJXMSW6EPMZ&marketplace=FLIPKART&q=watches+for+women&store=r18%2Ff13&srno=s_1_8&otracker=search&fm=organic&iid=en_Cfj83B2KYjdRlX_ZNUCFy-B85mS6Nj88LjGyzcCpDioS0saBdCtWoUDjNmxO5XhYPUPf8NDnzmGm4GkmdaJ66Q%3D%3D&ppt=None&ppn=None&ssid=xm2q0afihc0000001693129300955&qH=96cd62809c2c7c6c
7,7,WATFVEZT2ZN3DRVN,VAN HEUSEN,Analog Watch  - For Women VH000008D,2999,1392,4.5,67134,Watches,"['Home', 'Watches', 'Wrist Watches', 'VAN HEUSEN Wrist Watches', 'VAN HEUSEN Analog Watch  - For Women\n']",https://rukminim2.flixcart.com/image/832/832/xif0q/watch/p/e/q/-original-imagrdzfjy92rbgg.jpeg?q=70,"['https://rukminim2.flixcart.com/image/128/128/xif0q/watch/p/e/q/-original-imagrdzfjy92rbgg.jpeg?q=70', 'https://rukminim2.flixcart.com/image/128/128/xif0q/watch/p/e/q/-original-imagrdzfjy92rbgg.jpeg?q=70', 'https://rukminim2.flixcart.com/image/128/128/kg8avm80-0/watch/l/b/k/vh000008d-van-heusen-original-imafwgaags54snfa.jpeg?q=70', 'https://rukminim2.flixcart.com/image/128/128/xif0q/watch/l/b/7/-original-imags7pusvrbjewb.jpeg?q=70', 'https://rukminim2.flixcart.com/image/128/128/kg2l47k0-0/watch/y/m/d/vh000008d-van-heusen-original-imafwe5wzskg3yzy.jpeg?q=70', 'https://rukminim2.flixcart.com/image/128/128/kg2l47k0-0/watch/r/q/y/vh000008d-van-heusen-original-imafwe5wtkmchymq.jpeg?q=70', 'https://rukminim2.flixcart.com/image/128/128/kg2l47k0-0/watch/8/d/p/vh000008d-van-heusen-original-imafwe5wwqhbfr5c.jpeg?q=70', 'https://rukminim2.flixcart.com/image/128/128/kg2l47k0-0/watch/w/5/y/vh000008d-van-heusen-original-imafwe5wdm9dxjnu.jpeg?q=70', 'https://rukminim2.flixcart.com/image/128/128/kg2l47k0-0/watch/s/k/j/vh000008d-van-heusen-original-imafwe5wse9x8tbh.jpeg?q=70', 'https://rukminim2.flixcart.com/image/128/128/kg8avm80-0/watch/1/7/w/vh000008d-van-heusen-original-imafwgaa5gvubvnr.jpeg?q=70', 'https://rukminim2.flixcart.com/image/128/128/kkh6zrk0/watch/m/n/k/vh000008d-van-heusen-original-imafzt8zdngseg4g.jpeg?q=70', 'https://rukminim2.flixcart.com/image/128/128/kkh6zrk0/watch/g/s/o/pe000006c-peter-england-original-imafzt8mrwkswgrc.jpeg?q=70']","['Yes', 'Analog', 'VH000008D', 'Party-Wedding', 'Wrist Watch', '1', 'Quartz', 'Rose Gold', 'Green', '12 Months( 1 Year)']",,53,https://www.flipkart.com/van-heusen-analog-watch-women/p/itmb4a0571739630?pid=WATFVEZT2ZN3DRVN&lid=LSTWATFVEZT2ZN3DRVNXBKDDR&marketplace=FLIPKART&q=watches+for+women&store=r18%2Ff13&srno=s_1_9&otracker=search&fm=organic&iid=e48e1337-9b60-4dfc-91ea-470732cfffb0.WATFVEZT2ZN3DRVN.SEARCH&ppt=None&ppn=None&ssid=xm2q0afihc0000001693129300955&qH=96cd62809c2c7c6c
8,8,WATFVEZTHGDCQQMW,VAN HEUSEN,Analog Watch  - For Women VH000008C,2999,1391,4.5,67134,Watches,"['Home', 'Watches', 'Wrist Watches', 'VAN HEUSEN Wrist Watches', 'VAN HEUSEN Analog Watch  - For Women\n']",https://rukminim2.flixcart.com/image/832/832/xif0q/watch/j/g/p/-original-imagrdfcpakg4tws.jpeg?q=70,"['https://rukminim2.flixcart.com/image/128/128/xif0q/watch/j/g/p/-original-imagrdfcpakg4tws.jpeg?q=70', 'https://rukminim2.flixcart.com/image/128/128/xif0q/watch/j/g/p/-original-imagrdfcpakg4tws.jpeg?q=70', 'https://rukminim2.flixcart.com/image/128/128/kg8avm80-0/watch/2/f/c/vh000008c-van-heusen-original-imafwgaaukt5qyc8.jpeg?q=70', 'https://rukminim2.flixcart.com/image/128/128/xif0q/watch/k/6/j/-original-imags7phppxf2tzd.jpeg?q=70', 'https://rukminim2.flixcart.com/image/128/128/kg2l47k0-0/watch/3/2/g/vh000008c-van-heusen-original-imafwe5qzgg8mrtm.jpeg?q=70', 'https://rukminim2.flixcart.com/image/128/128/kg2l47k0-0/watch/0/d/a/vh000008c-van-heusen-original-imafwe5qnge7nfxy.jpeg?q=70', 'https://rukminim2.flixcart.com/image/128/128/kg2l47k0-0/watch/u/b/v/vh000008c-van-heusen-original-imafwe5qe8wwqf4f.jpeg?q=70', 'https://rukminim2.flixcart.com/image/128/128/kg2l47k0-0/watch/w/t/i/vh000008c-van-heusen-original-imafwe5qu97n6edb.jpeg?q=70', 'https://rukminim2.flixcart.com/image/128/128/kg2l47k0-0/watch/m/5/s/vh000008c-van-heusen-original-imafwe5qfgeyaqa9.jpeg?q=70', 'https://rukminim2.flixcart.com/image/128/128/kg8avm80-0/watch/4/x/l/vh000008c-van-heusen-original-imafwgaawjgwkmhz.jpeg?q=70', 'https://rukminim2.flixcart.com/image/128/128/kkh6zrk0/watch/t/c/s/vh000008c-van-heusen-original-imafzt8n6szsrvpn.jpeg?q=70', 'https://rukminim2.flixcart.com/image/128/128/kkh6zrk0/watch/g/s/o/pe000006c-peter-england-original-imafzt8mrwkswgrc.jpeg?q=70']","['Yes', 'Analog', 'VH000008C', 'Casual', 'Wrist Watch', '1', 'Quartz', 'Rose Gold', 'Rose Gold', '12 Months( 1 Year)']",,53,https://www.flipkart.com/van-heusen-analog-watch-women/p/itmc6d16ca6c1855?pid=WATFVEZTHGDCQQMW&lid=LSTWATFVEZTHGDCQQMWJIUST2&marketplace=FLIPKART&q=watches+for+women&store=r18%2Ff13&srno=s_1_10&otracker=search&fm=organic&iid=e48e1337-9b60-4dfc-91ea-470732cfffb0.WATFVEZTHGDCQQMW.SEARCH&ppt=None&ppn=None&ssid=xm2q0afihc0000001693129300955&qH=96cd62809c2c7c6c
9,9,WATGGYSDMZBQYAKW,SWADESI STUFF,Analog Watch  - For Women Green Dial Ultra Light Weight Leather Strap,1000,249,4.0,2582,Watches,"['Home', 'Watches', 'Wrist Watches', 'SWADESI STUFF Wrist Watches', 'SWADESI STUFF Analog Watch  - For Women\n']",https://rukminim2.flixcart.com/image/832/832/xif0q/watch/k/b/k/-original-imagrgwxh3abgv3f.jpeg?q=70,"['https://rukminim2.flixcart.com/image/128/128/xif0q/watch/k/b/k/-original-imagrgwxh3abgv3f.jpeg?q=70', 'https://rukminim2.flixcart.com/image/128/128/xif0q/watch/9/i/n/-original-imagpzzjsxhbfvhh.jpeg?q=70', 'https://rukminim2.flixcart.com/image/128/128/l5bd5zk0/watch/u/e/f/green-dial-ultra-light-weight-leather-strap-swadesi-stuff-women-original-imaggysdwvgmqfsd.jpeg?q=70', 'https://rukminim2.flixcart.com/image/128/128/l5bd5zk0/watch/g/c/o/green-dial-ultra-light-weight-leather-strap-swadesi-stuff-women-original-imaggysdsgmhc4ht.jpeg?q=70', 'https://rukminim2.flixcart.com/image/128/128/l5bd5zk0/watch/o/a/k/green-dial-ultra-light-weight-leather-strap-swadesi-stuff-women-original-imaggysdfu3brhbs.jpeg?q=70', 'https://rukminim2.flixcart.com/image/128/128/l5bd5zk0/watch/j/g/u/blue-dial-ultra-light-weight-leather-strap-swadesi-stuff-women-original-imaggysdzzygfuse.jpeg?q=70']","['Analog', 'Green Dial Ultra Light Weight Leather Strap', 'Casual, Formal, Party-Wedding', '1', '1 Watch | Warranty Card | Box', 'Green', 'Stainless Steel', 'Green', '7 mm', '36 mm', '27 g', '6 Months', '6 Months']",Stay Fashionable with Quartz Luxury Watch from SWADESI STUFF available on Amazon. This Analogue Watch has Multi Dial with a Case Diameter of 36 mm. This Multicolor Straps in the Watch are made of Premium Leather. This Watch has 6 Months Manufacturer Warranty.,75,https://www.flipkart.com/swadesi-stuff-analog-watch-women/p/itm9a0be204a1cfe?pid=WATGGYSDMZBQYAKW&lid=LSTWATGGYSDMZBQYAKWSRTE23&marketplace=FLIPKART&q=watches+for+women&store=r18%2Ff13&srno=s_1_11&otracker=search&fm=organic&iid=en_Cfj83B2KYjdRlX_ZNUCFy-B85mS6Nj88LjGyzcCpDipX7Mb2Sk-jcnqF4tgPRaLY6d0PR6CIagIP2yDzxTfGjQ%3D%3D&ppt=None&ppn=None&ssid=xm2q0afihc0000001693129300955&qH=96cd62809c2c7c6c
10,10,WATFVEZTPAAUGPBC,VAN HEUSEN,Analog Watch  - For Women VH000007F,2999,1404,4.5,22923,Watches,"['Home', 'Watches', 'Wrist Watches', 'VAN HEUSEN Wrist Watches', 'VAN HEUSEN Analog Watch  - For Women\n']",https://rukminim2.flixcart.com/image/832/832/kg8avm80-0/watch/5/n/5/vh000007f-van-heusen-original-imafwgaaqurquduj.jpeg?q=70,"['https://rukminim2.flixcart.com/image/128/128/kg8avm80-0/watch/5/n/5/vh000007f-van-heusen-original-imafwgaaqurquduj.jpeg?q=70', 'https://rukminim2.flixcart.com/image/128/128/kg8avm80-0/watch/5/n/5/vh000007f-van-heusen-original-imafwgaaqurquduj.jpeg?q=70', 'https://rukminim2.flixcart.com/image/128/128/kg2l47k0-0/watch/o/u/3/vh000007f-van-heusen-original-imafwe5qq2tgc5sx.jpeg?q=70', 'https://rukminim2.flixcart.com/image/128/128/kg2l47k0-0/watch/o/s/z/vh000007f-van-heusen-original-imafwe5qhjapnc3f.jpeg?q=70', 'https://rukminim2.flixcart.com/image/128/128/kg2l47k0-0/watch/p/w/w/vh000007f-van-heusen-original-imafwe5qwhtdvwyp.jpeg?q=70', 'https://rukminim2.flixcart.com/image/128/128/kg2l47k0-0/watch/l/m/l/vh000007f-van-heusen-original-imafwe5qaymvnsm3.jpeg?q=70', 'https://rukminim2.flixcart.com/image/128/128/kg2l47k0-0/watch/x/o/s/vh000007f-van-heusen-original-imafwe5qwtm7bkd2.jpeg?q=70', 'https://rukminim2.flixcart.com/image/128/128/kg2l47k0-0/watch/g/7/2/vh000007f-van-heusen-original-imafwe5qsmnrgt8h.jpeg?q=70', 'https://rukminim2.flixcart.com/image/128/128/kg8avm80-0/watch/r/s/2/vh000007f-van-heusen-original-imafwgaa8aqwggpd.jpeg?q=70', 'https://rukminim2.flixcart.com/image/128/128/kkh6zrk0/watch/0/c/j/vh000007f-van-heusen-original-imafzt8n4gmzyx5f.jpeg?q=70', 'https://rukminim2.flixcart.com/image/128/128/kkh6zrk0/watch/g/s/o/pe000006c-peter-england-original-imafzt8mrwkswgrc.jpeg?q=70']","['Yes', 'Analog', 'VH000007F', 'Party-Wedding', 'Thick Straps, Metallic', '1', 'Quartz', 'Rose Gold', 'Silver', '12 Months( 1 Year)']",,53,https://www.flipkart.com/van-heusen-analog-watch-women/p/itm99954244c4d95?pid=WATFVEZTPAAUGPBC&lid=LSTWATFVEZTPAAUGPBCFSFZYG&marketplace=FLIPKART&q=watches+for+women&store=r18%2Ff13&srno=s_1_13&otracker=search&fm=organic&iid=e48e1337-9b60-4dfc-91ea-470732cfffb0.WATFVEZTPAAUGPBC.SEARCH&ppt=None&ppn=None&ssid=xm2q0afihc0000001693129300955&qH=96cd62809c2c7c6c
11,11,WATF6C29AACZSXG4,Fastrack,Trendies Analog Watch  - For Women 68007PP01,1695,1136,4.3,49623,Watches,"['Home', 'Watches', 'Wrist Watches', 'Fastrack Wrist Watches', 'Fastrack 68007PP01 Trendies Analog Watch  - For Women\n']",https://rukminim2.flixcart.com/image/832/832/xif0q/watch/c/b/w/-original-imagnre8b8ydbrwe.jpeg?q=70,"['https://rukminim2.flixcart.com/image/128/128/xif0q/watch/c/b/w/-original-imagnre8b8ydbrwe.jpeg?q=70', 'https://rukminim2.flixcart.com/image/128/128/k4rcmfk0pkrrdj/watch-refurbished/f/k/z/c-68007pp01-fastrack-original-imafdcjbx7rjhsj7.jpeg?q=70', 'https://rukminim2.flixcart.com/image/128/128/xif0q/watch/5/s/k/-original-imagrzswhg8qjqnt.jpeg?q=70', 'https://rukminim2.flixcart.com/image/128/128/l01blow0/watch/b/j/s/-original-imagbwyy7ggjyyzu.jpeg?q=70', 'https://rukminim2.flixcart.com/image/128/128/ksw4ccw0/watch/t/r/7/68007pp01-fastrack-women-original-imag6cu9d3rghmuu.jpeg?q=70', 'https://rukminim2.flixcart.com/image/128/128/k4rcmfk0pkrrdj/watch-refurbished/f/k/z/c-68007pp01-fastrack-original-imafdcjccxtyevjb.jpeg?q=70', 'https://rukminim2.flixcart.com/image/128/128/k4rcmfk0pkrrdj/watch-refurbished/f/k/z/c-68007pp01-fastrack-original-imafdcjhgzd2s583.jpeg?q=70']","['Yes', 'Analog', '68007PP01', 'Trendies', 'Casual', 'Wrist Watch', '1', 'Quartz', '68007PP01', 'Blue', 'Silicon Strap', 'Plastic', 'Battery', 'White', '35.7 mm', '41.8 mm', '10.3 mm', '2 Years']",,32,https://www.flipkart.com/fastrack-68007pp01-trendies-analog-watch-women/p/itmf6c29ay73rfc9?pid=WATF6C29AACZSXG4&lid=LSTWATF6C29AACZSXG45QBF5R&marketplace=FLIPKART&q=watches+for+women&store=r18%2Ff13&spotlightTagId=TrendingId_r18%2Ff13&srno=s_1_14&otracker=search&fm=organic&iid=e48e1337-9b60-4dfc-91ea-470732cfffb0.WATF6C29AACZSXG4.SEARCH&ppt=None&ppn=None&ssid=xm2q0afihc0000001693129300955&qH=96cd62809c2c7c6c
12,12,WATG5JXDGPMHAYNH,TIMEX,Analog Watch  - For Women TWHL41SMU09,2495,1059,4.4,565,Watches,"['Home', 'Watches', 'Wrist Watches', 'TIMEX Wrist Watches', 'TIMEX Analog Watch  - For Women\n']",https://rukminim2.flixcart.com/image/832/832/xif0q/watch/8/8/a/-original-imagsqbzvpkmb32f.jpeg?q=70,"['https://rukminim2.flixcart.com/image/128/128/xif0q/watch/8/8/a/-original-imagsqbzvpkmb32f.jpeg?q=70', 'https://rukminim2.flixcart.com/image/128/128/ktvucnk0/watch/c/0/q/twhl41smu09-timex-women-original-imag74m7jkxtfr2p.jpeg?q=70', 'https://rukminim2.flixcart.com/image/128/128/l13whow0/watch/n/b/m/-original-imagcqxhtay36rpy.jpeg?q=70', 'https://rukminim2.flixcart.com/image/128/128/ktvucnk0/watch/d/8/t/twhl41smu09-timex-women-original-imag74m7vyuvzrwx.jpeg?q=70', 'https://rukminim2.flixcart.com/image/128/128/xif0q/watch/z/p/r/-original-imags4f3w6dz8pdz.jpeg?q=70', 'https://rukminim2.flixcart.com/image/128/128/ktvucnk0/watch/n/x/e/twhl41smu09-timex-women-original-imag74m7c2ynxmpk.jpeg?q=70', 'https://rukminim2.flixcart.com/image/128/128/ktvucnk0/watch/m/e/w/twhl41smu09-timex-women-original-imag74m7qqfqffkp.jpeg?q=70', 'https://rukminim2.flixcart.com/image/128/128/ktvucnk0/watch/k/y/d/twhl41smu09-timex-women-original-imag74m7svebgmsh.jpeg?q=70']","['Yes', 'Analog', 'TWHL41SMU09', 'Casual', 'Wrist Watch', '1', 'No', 'No', 'Quartz', 'Multicolor', 'Stainless Steel Strap', 'No', 'No', 'Bracelet', 'Brass', '30', 'Battery Powered', 'No', 'Push-Button clasp', 'Cardboard', '3 Hands', 'Silver', '7.5 mm', '34.3 mm', '65 g', '1 Year', '1 Year Warranty against manufacturing defects.', '12 Months( 1 Year)']",34.3mm dual tone rose gold & silver bracelet watch with silver dial.,57,https://www.flipkart.com/timex-analog-watch-women/p/itm9f336d667d1c1?pid=WATG5JXDGPMHAYNH&lid=LSTWATG5JXDGPMHAYNHJKAGND&marketplace=FLIPKART&q=watches+for+women&store=r18%2Ff13&srno=s_1_16&otracker=search&fm=organic&iid=e48e1337-9b60-4dfc-91ea-470732cfffb0.WATG5JXDGPMHAYNH.SEARCH&ppt=None&ppn=None&ssid=xm2q0afihc0000001693129300955&qH=96cd62809c2c7c6c
13,13,WATGGZY32DZDMT8Y,SONATA,SPLASH 3.0 Analog Watch  - For Women 8172SM06,874,546,4.4,1553,Watches,"['Home', 'Watches', 'Wrist Watches', 'SONATA Wrist Watches', 'SONATA SPLASH 3.0 Analog Watch  - For Women\n']",https://rukminim2.flixcart.com/image/832/832/xif0q/watch/y/b/z/-original-imagqfu2z2zhy3zs.jpeg?q=70,"['https://rukminim2.flixcart.com/image/128/128/xif0q/watch/y/b/z/-original-imagqfu2z2zhy3zs.jpeg?q=70', 'https://rukminim2.flixcart.com/image/128/128/xif0q/watch/m/t/e/1-8172sm06-sonata-women-original-imaggzyb9xjbgsxh.jpeg?q=70', 'https://rukminim2.flixcart.com/image/128/128/xif0q/watch/o/8/y/-original-imags7gfj99zhw86.jpeg?q=70', 'https://rukminim2.flixcart.com/image/128/128/xif0q/watch/t/f/v/-original-imagjfetdqvb6pmz.jpeg?q=70', 'https://rukminim2.flixcart.com/image/128/128/xif0q/watch/c/1/5/1-8172sm06-sonata-women-original-imaggzybpturyp7m.jpeg?q=70', 'https://rukminim2.flixcart.com/image/128/128/xif0q/watch/z/y/2/1-8172sm06-sonata-women-original-imaggzyb6uykdtrw.jpeg?q=70', 'https://rukminim2.flixcart.com/image/128/128/xif0q/watch/s/w/g/1-8172sm06-sonata-women-original-imaggzyb3mxrft3d.jpeg?q=70']","['Analog', '8172SM06', 'SPLASH 3.0', 'Casual', '1', 'Silver', 'Brass', '30', 'Clasp', 'Pink', '15.1 mm', '7.97 mm', '30.2 mm', 'Manufacturer', '12 Months( 1 Year)']",,37,https://www.flipkart.com/sonata-splash-3-0-analog-watch-women/p/itm7acd0c2b7366b?pid=WATGGZY32DZDMT8Y&lid=LSTWATGGZY32DZDMT8YEVT00S&marketplace=FLIPKART&q=watches+for+women&store=r18%2Ff13&srno=s_1_20&otracker=search&fm=organic&iid=e48e1337-9b60-4dfc-91ea-470732cfffb0.WATGGZY32DZDMT8Y.SEARCH&ppt=None&ppn=None&ssid=xm2q0afihc0000001693129300955&qH=96cd62809c2c7c6c
14,14,WATGH7ZFZXWHFE59,MIVAAN,Analog Watch  - For Women Pack of 2 Red Butterfly Dial Magnet Strap Gold and Black Analog Girls,1999,297,3.8,120,Watches,"['Home', 'Watches', 'Wrist Watches', 'MIVAAN Wrist Watches', 'MIVAAN 219-Butterfly-Mag. Analog Watch  - For Women\n']",https://rukminim2.flixcart.com/image/832/832/xif0q/watch/9/8/w/2-pack-of-2-red-butterfly-dial-magnet-strap-gold-and-black-original-imagh7zfuj3vygmg.jpeg?q=70,"['https://rukminim2.flixcart.com/image/128/128/xif0q/watch/9/8/w/2-pack-of-2-red-butterfly-dial-magnet-strap-gold-and-black-original-imagh7zfuj3vygmg.jpeg?q=70', 'https://rukminim2.flixcart.com/image/128/128/xif0q/watch/l/h/x/pack-of-2-butterfly-dial-gold-and-purple-magnetic-strap-woman-original-imaggdyacnxjayaz.jpeg?q=70', 'https://rukminim2.flixcart.com/image/128/128/xif0q/watch/s/n/s/pack-of-2-butterfly-dial-black-and-silver-magnetic-strap-woman-original-imaggdyaqrzzhxsq.jpeg?q=70', 'https://rukminim2.flixcart.com/image/128/128/xif0q/watch/3/v/d/fancy-letest-watch-woman-girl-bracelet-combo-mivaan-women-original-imagghcnh9wcztfy.jpeg?q=70', 'https://rukminim2.flixcart.com/image/128/128/xif0q/watch/k/o/n/fancy-letest-watch-woman-girl-bracelet-combo-mivaan-women-original-imaggeyheebchhkd.jpeg?q=70']","['Analog', 'Pack of 2 Red Butterfly Dial Magnet Strap Gold and Black Analog Girls', 'Casual', '2', 'Quartz', '219-Butterfly-Mag.', 'Rose Gold, Black', 'Jali Magnet', 'Stillness Steel', 'Bengal', 'Black', '6 Months']",,85,https://www.flipkart.com/mivaan-219-butterfly-mag-analog-watch-women/p/itm613b45f402546?pid=WATGH7ZFZXWHFE59&lid=LSTWATGH7ZFZXWHFE597EG7RT&marketplace=FLIPKART&q=watches+for+women&store=r18%2Ff13&srno=s_1_21&otracker=search&fm=organic&iid=en_Cfj83B2KYjdRlX_ZNUCFy-B85mS6Nj88LjGyzcCpDiq5ZkBms5f4xcD8kXU2ic198p_RvyUB7D9RETxMB-0dxw%3D%3D&ppt=None&ppn=None&ssid=xm2q0afihc0000001693129300955&qH=96cd62809c2c7c6c
15,15,WATGGYSDHQZEBZVA,SWADESI STUFF,Analog Watch  - For Women Peach Dial Ultra Light Weight Leather Strap,1000,249,4.0,2582,Watches,"['Home', 'Watches', 'Wrist Watches', 'SWADESI STUFF Wrist Watches', 'SWADESI STUFF Analog Watch  - For Women\n']",https://rukminim2.flixcart.com/image/832/832/xif0q/watch/f/g/h/-original-imagpzzjb6tdy5rd.jpeg?q=70,"['https://rukminim2.flixcart.com/image/128/128/xif0q/watch/f/g/h/-original-imagpzzjb6tdy5rd.jpeg?q=70', 'https://rukminim2.flixcart.com/image/128/128/l5bd5zk0/watch/r/v/l/peach-dial-ultra-light-weight-leather-strap-swadesi-stuff-women-original-imaggysdxk3xs24x.jpeg?q=70', 'https://rukminim2.flixcart.com/image/128/128/l5bd5zk0/watch/v/o/z/peach-dial-ultra-light-weight-leather-strap-swadesi-stuff-women-original-imaggysdzmv6djam.jpeg?q=70', 'https://rukminim2.flixcart.com/image/128/128/l5bd5zk0/watch/r/v/5/peach-dial-ultra-light-weight-leather-strap-swadesi-stuff-women-original-imaggysdfs9z8tqq.jpeg?q=70', 'https://rukminim2.flixcart.com/image/128/128/l5bd5zk0/watch/j/g/u/blue-dial-ultra-light-weight-leather-strap-swadesi-stuff-women-original-imaggysdzzygfuse.jpeg?q=70']","['Analog', 'Peach Dial Ultra Light Weight Leather Strap', 'Casual, Formal, Party-Wedding', '1', '1 Watch | Warranty Card | Box', 'Peach', 'Stainless Steel', 'Peach', '7 mm', '36 mm', '27 g', '6 Months', '6 Months']",Stay Fashionable with Quartz Luxury Watch from SWADESI STUFF available on Amazon. This Analogue Watch has Multi Dial with a Case Diameter of 36 mm. This Multicolor Straps in the Watch are made of Premium Leather. This Watch has 6 Months Manufacturer Warranty.,75,https://www.flipkart.com/swadesi-stuff-analog-watch-women/p/itmd0338560217d3?pid=WATGGYSDHQZEBZVA&lid=LSTWATGGYSDHQZEBZVAP5YFF7&marketplace=FLIPKART&q=watches+for+women&store=r18%2Ff13&srno=s_1_22&otracker=search&fm=organic&iid=en_Cfj83B2KYjdRlX_ZNUCFy-B85mS6Nj88LjGyzcCpDio6t1v0ndR2wtFabmXBIWiXghiBaj-36w4ZHEPwU5owMg%3D%3D&ppt=None&ppn=None&ssid=xm2q0afihc0000001693129300955&qH=96cd62809c2c7c6c
16,16,WATFUQEWQPNNZJEH,TIMEX,Analog Watch  - For Women TWTL10100,1299,603,4.4,59842,Watches,"['Home', 'Watches', 'Wrist Watches', 'TIMEX Wrist Watches', 'TIMEX Analog Watch  - For Women\n']",https://rukminim2.flixcart.com/image/832/832/xif0q/watch/c/e/g/-original-imagrdzf8ueczgsy.jpeg?q=70,"['https://rukminim2.flixcart.com/image/128/128/xif0q/watch/c/e/g/-original-imagrdzf8ueczgsy.jpeg?q=70', 'https://rukminim2.flixcart.com/image/128/128/kflftzk0-0/watch/l/w/p/twtl10100-timex-original-imafwyr5zcv2bkwg.jpeg?q=70', 'https://rukminim2.flixcart.com/image/128/128/xif0q/watch/4/h/b/-original-imagrzsxhzpzpydv.jpeg?q=70', 'https://rukminim2.flixcart.com/image/128/128/l0bbonk0/watch/k/1/y/-original-imagc4mjpxfarfgw.jpeg?q=70', 'https://rukminim2.flixcart.com/image/128/128/kflftzk0-0/watch/d/x/f/twtl10100-timex-original-imafwyr56wzhqre2.jpeg?q=70', 'https://rukminim2.flixcart.com/image/128/128/kflftzk0-0/watch/1/j/m/twtl10100-timex-original-imafwyr5en8kbv7c.jpeg?q=70', 'https://rukminim2.flixcart.com/image/128/128/kflftzk0-0/watch/v/o/z/twtl10100-timex-original-imafwyr5zgwgakue.jpeg?q=70', 'https://rukminim2.flixcart.com/image/128/128/kflftzk0-0/watch/0/r/l/twtl10100-timex-original-imafwyr5vkhahzq9.jpeg?q=70', 'https://rukminim2.flixcart.com/image/128/128/kflftzk0-0/watch/y/4/x/twtl10100-timex-original-imafwyr5xyses8zf.jpeg?q=70', 'https://rukminim2.flixcart.com/image/128/128/kflftzk0-0/watch/j/5/g/twtl10100-timex-original-imafwyr5wggymz3u.jpeg?q=70']","['Yes', 'Analog', 'TWTL10100', 'Formal', 'Thin Straps', '1', 'No', 'No', 'Blue', 'Genuine Leather Strap', 'No', 'No', 'Strap', 'Brass', '30', 'Battery', 'No', 'Buckle', 'White', '27 mm', '8.75 mm', '32 mm', '200 g', '1 Year', '6 Months']",,53,https://www.flipkart.com/timex-analog-watch-women/p/itm5837143dd66f1?pid=WATFUQEWQPNNZJEH&lid=LSTWATFUQEWQPNNZJEHHKSJI9&marketplace=FLIPKART&q=watches+for+women&store=r18%2Ff13&srno=s_1_23&otracker=search&fm=organic&iid=e48e1337-9b60-4dfc-91ea-470732cfffb0.WATFUQEWQPNNZJEH.SEARCH&ppt=None&ppn=None&ssid=xm2q0afihc0000001693129300955&qH=96cd62809c2c7c6c
17,17,WATFVCGFZW38PSNN,Titan,Raga Viva 4 Analog Watch  - For Women NP2642WM01,5220,3356,4.5,590,Watches,"['Home', 'Watches', 'Wrist Watches', 'Titan Wrist Watches', 'Titan NP2642WM01 Raga Viva 4 Analog Watch  - For Women\n']",https://rukminim2.flixcart.com/image/832/832/xif0q/watch/g/f/s/-original-imagqyfhbzrthq7z.jpeg?q=70,"['https://rukminim2.flixcart.com/image/128/128/xif0q/watch/g/f/s/-original-imagqyfhbzrthq7z.jpeg?q=70', 'https://rukminim2.flixcart.com/image/128/128/keq058w0-0/watch/q/v/g/2642wm01-titan-original-imafvcgfw5bp3bvz.jpeg?q=70', 'https://rukminim2.flixcart.com/image/128/128/xif0q/watch/m/l/x/-original-imagsyzffxayzdar.jpeg?q=70', 'https://rukminim2.flixcart.com/image/128/128/l13whow0/watch/s/m/r/-original-imagcqxzxgcwemwf.jpeg?q=70', 'https://rukminim2.flixcart.com/image/128/128/kg2l47k0-0/watch/l/f/y/2642wm01-titan-original-imafwe3ycvykaahf.jpeg?q=70', 'https://rukminim2.flixcart.com/image/128/128/kg2l47k0-0/watch/0/v/x/2642wm01-titan-original-imafwe3yyqzbmznq.jpeg?q=70', 'https://rukminim2.flixcart.com/image/128/128/kg2l47k0-0/watch/u/u/h/2642wm01-titan-original-imafwe3ygbwqzntw.jpeg?q=70', 'https://rukminim2.flixcart.com/image/128/128/kg2l47k0-0/watch/b/n/c/2642wm01-titan-original-imafwe3ymn6pn76m.jpeg?q=70', 'https://rukminim2.flixcart.com/image/128/128/kg2l47k0-0/watch/j/3/k/2642wm01-titan-original-imafwe3y6epmyacg.jpeg?q=70', 'https://rukminim2.flixcart.com/image/128/128/kg2l47k0-0/watch/l/q/l/2642wm01-titan-original-imafwe3ysgqt4rsb.jpeg?q=70']","['Yes', 'Analog', 'NP2642WM01', 'Raga Viva 4', 'Casual', 'Wrist Watch', '1', 'NP2642WM01', 'Rose Gold', 'Metal Strap', 'Brass', 'Jewelry Clasp', 'Rose Gold', 'Call Titan customer care no', '2 Years']",,35,https://www.flipkart.com/titan-np2642wm01-raga-viva-4-analog-watch-women/p/itmdb12cfc58689e?pid=WATFVCGFZW38PSNN&lid=LSTWATFVCGFZW38PSNNKJNFQL&marketplace=FLIPKART&q=watches+for+women&store=r18%2Ff13&srno=s_1_24&otracker=search&fm=organic&iid=e48e1337-9b60-4dfc-91ea-470732cfffb0.WATFVCGFZW38PSNN.SEARCH&ppt=None&ppn=None&ssid=xm2q0afihc0000001693129300955&qH=96cd62809c2c7c6c
18,18,WATGFP3UADD8KMEB,Fastrack,Stunners 1.0 Analog Watch  - For Women 6248NM01,1895,1436,4.4,1302,Watches,"['Home', 'Watches', 'Wrist Watches', 'Fastrack Wrist Watches', 'Fastrack Stunners 1.0 Analog Watch  - For Women\n']",https://rukminim2.flixcart.com/image/832/832/xif0q/watch/f/e/b/-original-imagqyfhqptfre6z.jpeg?q=70,"['https://rukminim2.flixcart.com/image/128/128/xif0q/watch/f/e/b/-original-imagqyfhqptfre6z.jpeg?q=70', 'https://rukminim2.flixcart.com/image/128/128/kmwcuq80/watch/w/l/9/6248nm01-fastrack-original-imagfp3uared9fmm.jpeg?q=70', 'https://rukminim2.flixcart.com/image/128/128/xif0q/watch/x/2/i/-original-imagsyzcmxdmjxzz.jpeg?q=70', 'https://rukminim2.flixcart.com/image/128/128/l0bbonk0/watch/x/l/v/-original-imagc4nz8zwmpfng.jpeg?q=70', 'https://rukminim2.flixcart.com/image/128/128/kmwcuq80/watch/j/a/z/6248nm01-fastrack-original-imagfp3ukfpfk5ez.jpeg?q=70', 'https://rukminim2.flixcart.com/image/128/128/kmwcuq80/watch/7/r/e/6248nm01-fastrack-original-imagfp3uqzf9zpfu.jpeg?q=70', 'https://rukminim2.flixcart.com/image/128/128/kmwcuq80/watch/b/p/l/6248nm01-fastrack-original-imagfp3uvuqejjuk.jpeg?q=70', 'https://rukminim2.flixcart.com/image/128/128/kmwcuq80/watch/9/o/p/6248nm01-fastrack-original-imagfp3utpfkuyrs.jpeg?q=70']","['Yes', 'Analog', '6248NM01', 'Stunners 1.0', 'Casual', 'Wrist Watch', '1', 'Watch, Foam, Warranty Card', 'Black', 'Metal Strap', 'Brass', '30', 'Battery', 'Black', '7.25 mm', '40 mm', '2 Year', '2 Years']","A trendy black watch designed for the perfect evening outing with your college friends.
Pair this watch with any of your outfit.
Case dimension: 33.00x40.00x7.25 mm
 3 ATM/30 m Water resistance. Metal Strap. Stainless steel back cover. High precision quartz analogue movement.
2 year warranty",24,https://www.flipkart.com/fastrack-stunners-1-0-analog-watch-women/p/itm75a8184c715b9?pid=WATGFP3UADD8KMEB&lid=LSTWATGFP3UADD8KMEBW4WNJD&marketplace=FLIPKART&q=watches+for+women&store=r18%2Ff13&srno=s_1_25&otracker=search&fm=organic&iid=e48e1337-9b60-4dfc-91ea-470732cfffb0.WATGFP3UADD8KMEB.SEARCH&ppt=None&ppn=None&ssid=xm2q0afihc0000001693129300955&qH=96cd62809c2c7c6c
19,19,WATFFV4XGNZNFPD2,Titan,Purple Analog Watch  - For Women NF2480SM02,3565,2215,4.4,23061,Watches,"['Home', 'Watches', 'Wrist Watches', 'Titan Wrist Watches', 'Titan Purple Analog Watch  - For Women\n']",https://rukminim2.flixcart.com/image/832/832/xif0q/watch/2/a/y/-original-imagr5tqyfsdau4r.jpeg?q=70,"['https://rukminim2.flixcart.com/image/128/128/xif0q/watch/2/a/y/-original-imagr5tqyfsdau4r.jpeg?q=70', 'https://rukminim2.flixcart.com/image/128/128/xif0q/watch/2/a/y/-original-imagr5tqyfsdau4r.jpeg?q=70', 'https://rukminim2.flixcart.com/image/128/128/ksw4ccw0/watch/0/3/f/nf2480sm02-titan-women-original-imafdcjjur7u4ynh.jpeg?q=70', 'https://rukminim2.flixcart.com/image/128/128/xif0q/watch/r/e/q/-original-imagsyzcjmpuh9pv.jpeg?q=70', 'https://rukminim2.flixcart.com/image/128/128/l01blow0/watch/6/i/c/-original-imagbwz3tgn2fyyz.jpeg?q=70', 'https://rukminim2.flixcart.com/image/128/128/ksw4ccw0/watch/1/z/n/nf2480sm02-titan-women-original-imag6cu9nrzkdgvv.jpeg?q=70', 'https://rukminim2.flixcart.com/image/128/128/ksw4ccw0/watch/4/7/c/nf2480sm02-titan-women-original-imafdcjhy3vhvewm.jpeg?q=70', 'https://rukminim2.flixcart.com/image/128/128/ksw4ccw0/watch/a/i/i/nf2480sm02-titan-women-original-imafdcjhetqf5vjs.jpeg?q=70', 'https://rukminim2.flixcart.com/image/128/128/k4rcmfk0pkrrdj/watch-refurbished/w/n/c/c-nf2480sm02-titan-original-imafdcjhcetvmyzc.jpeg?q=70', 'https://rukminim2.flixcart.com/image/128/128/ksw4ccw0/watch/i/i/o/nf2480sm02-titan-women-original-imafdcjgnymzgvfa.jpeg?q=70']","['Yes', 'Analog', 'NF2480SM02', 'Purple', 'Casual', 'Metallic, Thick Straps', '1', 'Silver', 'Stainless Steel', '50', 'Black', '35 mm', '6 Months']",,37,https://www.flipkart.com/titan-purple-analog-watch-women/p/itmf3zhgvssscgpb?pid=WATFFV4XGNZNFPD2&lid=LSTWATFFV4XGNZNFPD2ESVSN8&marketplace=FLIPKART&q=watches+for+women&store=r18%2Ff13&srno=s_1_26&otracker=search&fm=organic&iid=e48e1337-9b60-4dfc-91ea-470732cfffb0.WATFFV4XGNZNFPD2.SEARCH&ppt=None&ppn=None&ssid=xm2q0afihc0000001693129300955&qH=96cd62809c2c7c6c
20,20,WATG2CZH6UYKPZEK,Acnos,Analog Watch  - For Women 4 Colors Magnet Strap Analogue Women's and Girls Watch Sweet Heart 4 Colors Bracelet Combo for Girl's & Women's Watch (Set of 2),1499,293,3.9,777,Watches,"['Home', 'Watches', 'Wrist Watches', 'Acnos Wrist Watches', 'Acnos Analog Watch  - For Women\n']",https://rukminim2.flixcart.com/image/832/832/knqd3m80/watch/v/v/m/4-colors-magnet-strap-analogue-women-s-and-girls-watch-sweet-original-imag2czjnbydyjmq.jpeg?q=70,"['https://rukminim2.flixcart.com/image/128/128/knqd3m80/watch/v/v/m/4-colors-magnet-strap-analogue-women-s-and-girls-watch-sweet-original-imag2czjnbydyjmq.jpeg?q=70', 'https://rukminim2.flixcart.com/image/128/128/knqd3m80/watch/e/l/6/4-colors-magnet-strap-analogue-women-s-and-girls-watch-sweet-original-imag2czjzhex3nep.jpeg?q=70', 'https://rukminim2.flixcart.com/image/128/128/kkmwr680/watch/w/9/e/branded-black-magnet-watch-with-free-gift-rosegold-braclet-and-original-imafzxzsjt5rcyvy.jpeg?q=70', 'https://rukminim2.flixcart.com/image/128/128/kkmwr680/watch/0/r/w/branded-black-magnet-watch-with-free-gift-rosegold-braclet-and-original-imafzxzsduayfuyb.jpeg?q=70', 'https://rukminim2.flixcart.com/image/128/128/kkfrjww0/watch/c/f/j/branded-6-diffrent-colors-magnet-watch-with-free-gift-rosegold-original-imafzs32vg7mvyaw.jpeg?q=70', 'https://rukminim2.flixcart.com/image/128/128/kkmwr680/watch/w/h/7/branded-black-magnet-watch-with-free-gift-rosegold-braclet-and-original-imafzxzsfrhdrjhv.jpeg?q=70']","['Analog', ""4 Colors Magnet Strap Analogue Women's and Girls Watch Sweet Heart 4 Colors Bracelet Combo for Girl's & Women's Watch (Set of 2)"", 'Party-Wedding, Formal', 'Wrist Watch', '2', '2', 'Black', 'Black', '6 Months']",,80,https://www.flipkart.com/acnos-analog-watch-women/p/itm79342da3fca76?pid=WATG2CZH6UYKPZEK&lid=LSTWATG2CZH6UYKPZEKRBWFJO&marketplace=FLIPKART&q=watches+for+women&store=r18%2Ff13&srno=s_1_27&otracker=search&fm=organic&iid=en_Cfj83B2KYjdRlX_ZNUCFy-B85mS6Nj88LjGyzcCpDipwRcJ-kDRC2DY2RHDJCiHpC1K4ALHFgwsvvI4Q6La0Nw%3D%3D&ppt=None&ppn=None&ssid=xm2q0afihc0000001693129300955&qH=96cd62809c2c7c6c
21,21,WATDT3ZYC7C65GQN,Fastrack,Fits & Forms Analog Watch  - For Women NP6091SM01,2995,2245,4.4,3266,Watches,"['Home', 'Watches', 'Wrist Watches', 'Fastrack Wrist Watches', 'Fastrack NP6091SM01 Fits & Forms Analog Watch  - For Women\n']",https://rukminim2.flixcart.com/image/832/832/xif0q/watch/0/w/i/-original-imagqfwcfpnhvp2g.jpeg?q=70,"['https://rukminim2.flixcart.com/image/128/128/xif0q/watch/0/w/i/-original-imagqfwcfpnhvp2g.jpeg?q=70', 'https://rukminim2.flixcart.com/image/128/128/jtx9evk0/watch/g/q/n/ng6091sm01-fastrack-original-imaff63qh7bvhnah.jpeg?q=70', 'https://rukminim2.flixcart.com/image/128/128/xif0q/watch/d/q/3/-original-imagsffsz389nfgs.jpeg?q=70', 'https://rukminim2.flixcart.com/image/128/128/l01blow0/watch/i/l/7/-original-imagbwyx8pn8gcfz.jpeg?q=70', 'https://rukminim2.flixcart.com/image/128/128/jtx9evk0/watch/g/q/n/ng6091sm01-fastrack-original-imaff69az9unncrt.jpeg?q=70', 'https://rukminim2.flixcart.com/image/128/128/jtx9evk0/watch/g/q/n/ng6091sm01-fastrack-original-imaff68fj6rayucg.jpeg?q=70', 'https://rukminim2.flixcart.com/image/128/128/jtx9evk0/watch/g/q/n/ng6091sm01-fastrack-original-imaff6agkbgrc3gf.jpeg?q=70', 'https://rukminim2.flixcart.com/image/128/128/jtx9evk0/watch/g/q/n/ng6091sm01-fastrack-original-imaff67dc4hppzz6.jpeg?q=70', 'https://rukminim2.flixcart.com/image/128/128/jtx9evk0/watch/g/q/n/ng6091sm01-fastrack-original-imaff63qumzyf34q.jpeg?q=70', 'https://rukminim2.flixcart.com/image/128/128/jtx9evk0/watch/g/q/n/ng6091sm01-fastrack-original-imaff67mz2reeage.jpeg?q=70']","['Yes', 'Analog', 'NP6091SM01', 'Fits & Forms', 'Formal', 'Wrist Watch', '1', 'Manual', 'NP6091SM01', 'Silver', 'Metal Strap', 'Mesh', 'Stainless Steel Back Case', '30', 'Deployment Clasp', 'Cardboard', 'Purple', '33 mm', '27 mm', '8 mm', '24 mm', '38 g', '2 Years']",,25,https://www.flipkart.com/fastrack-np6091sm01-fits-forms-analog-watch-women/p/itm536b53546c8a0?pid=WATDT3ZYC7C65GQN&lid=LSTWATDT3ZYC7C65GQN3VJ7SD&marketplace=FLIPKART&q=watches+for+women&store=r18%2Ff13&srno=s_1_30&otracker=search&fm=organic&iid=e48e1337-9b60-4dfc-91ea-470732cfffb0.WATDT3ZYC7C65GQN.SEARCH&ppt=None&ppn=None&ssid=xm2q0afihc0000001693129300955&qH=96cd62809c2c7c6c
22,22,WATF6C22ZZUZFFZQ,Fastrack,Trendies Analog Watch  - For Women 68007PP02,1695,1186,4.4,15418,Watches,"['Home', 'Watches', 'Wrist Watches', 'Fastrack Wrist Watches', 'Fastrack 68007PP02 Trendies Analog Watch  - For Women\n']",https://rukminim2.flixcart.com/image/832/832/xif0q/watch/t/n/2/-original-imagqrch69rsfswj.jpeg?q=70,"['https://rukminim2.flixcart.com/image/128/128/xif0q/watch/t/n/2/-original-imagqrch69rsfswj.jpeg?q=70', 'https://rukminim2.flixcart.com/image/128/128/xif0q/watch/t/n/2/-original-imagqrch69rsfswj.jpeg?q=70', 'https://rukminim2.flixcart.com/image/128/128/k4rcmfk0pkrrdj/watch-refurbished/q/5/6/c-68007pp02-fastrack-original-imafcg3zkchh5fb5.jpeg?q=70', 'https://rukminim2.flixcart.com/image/128/128/xif0q/watch/i/j/i/-original-imagrzsxgxnf4mxa.jpeg?q=70', 'https://rukminim2.flixcart.com/image/128/128/l01blow0/watch/z/3/l/-original-imagbwyyckgkybuw.jpeg?q=70', 'https://rukminim2.flixcart.com/image/128/128/ksw4ccw0/watch/l/e/j/68007pp02-fastrack-women-original-imag6cu8yxtufsa5.jpeg?q=70', 'https://rukminim2.flixcart.com/image/128/128/k4rcmfk0pkrrdj/watch-refurbished/q/5/6/c-68007pp02-fastrack-original-imafcg3zfyzuqrtz.jpeg?q=70', 'https://rukminim2.flixcart.com/image/128/128/k4rcmfk0pkrrdj/watch-refurbished/q/5/6/c-68007pp02-fastrack-original-imafcg3zawyzbfwa.jpeg?q=70', 'https://rukminim2.flixcart.com/image/128/128/k4rcmfk0pkrrdj/watch-refurbished/q/5/6/c-68007pp02-fastrack-original-imafcg3zdghnm8pv.jpeg?q=70']","['Yes', 'Analog', '68007PP02', 'Trendies', 'Casual', 'Wrist Watch', '1', 'Quartz', '68007PP02', 'Black', 'Silicon Strap', 'Plastic', 'Battery', 'Black', '35.7 mm', '41.8 mm', '10.3 mm', '6 Months']",,30,https://www.flipkart.com/fastrack-68007pp02-trendies-analog-watch-women/p/itmf6c22xfyfmvcz?pid=WATF6C22ZZUZFFZQ&lid=LSTWATF6C22ZZUZFFZQEQIHD7&marketplace=FLIPKART&q=watches+for+women&store=r18%2Ff13&srno=s_1_33&otracker=search&fm=organic&iid=e48e1337-9b60-4dfc-91ea-470732cfffb0.WATF6C22ZZUZFFZQ.SEARCH&ppt=None&ppn=None&ssid=xm2q0afihc0000001693129300955&qH=96cd62809c2c7c6c
23,23,WATFWVSGGGS55N6N,Allen Solly,Analog Watch  - For Women AS000015H,2174,869,4.4,7901,Watches,"['Home', 'Watches', 'Wrist Watches', 'Allen Solly Wrist Watches', 'Allen Solly Analog Watch  - For Women\n']",https://rukminim2.flixcart.com/image/832/832/xif0q/watch/y/o/l/-original-imagrwh7ynxsjy7e.jpeg?q=70,"['https://rukminim2.flixcart.com/image/128/128/xif0q/watch/y/o/l/-original-imagrwh7ynxsjy7e.jpeg?q=70', 'https://rukminim2.flixcart.com/image/128/128/xif0q/watch/y/o/l/-original-imagrwh7ynxsjy7e.jpeg?q=70', 'https://rukminim2.flixcart.com/image/128/128/khdqnbk0/watch/i/e/a/as000015h-allen-solly-original-imafxeve2g6xbvbc.jpeg?q=70', 'https://rukminim2.flixcart.com/image/128/128/kikluvk0-0/watch/e/4/b/as000015h-allen-solly-original-imafybxrnz8bf2mf.jpeg?q=70', 'https://rukminim2.flixcart.com/image/128/128/kikluvk0-0/watch/u/b/z/as000015h-allen-solly-original-imafybxrnug25par.jpeg?q=70', 'https://rukminim2.flixcart.com/image/128/128/kikluvk0-0/watch/r/r/z/as000015h-allen-solly-original-imafybxrf8hgyd9x.jpeg?q=70', 'https://rukminim2.flixcart.com/image/128/128/kikluvk0-0/watch/b/b/k/as000015h-allen-solly-original-imafybxrb6gyezjn.jpeg?q=70', 'https://rukminim2.flixcart.com/image/128/128/kikluvk0-0/watch/y/2/o/as000015h-allen-solly-original-imafybxrreycexeg.jpeg?q=70', 'https://rukminim2.flixcart.com/image/128/128/kikluvk0-0/watch/w/h/q/as000015h-allen-solly-original-imafybxrnvqcppb2.jpeg?q=70', 'https://rukminim2.flixcart.com/image/128/128/kikluvk0-0/watch/m/u/l/as000015h-allen-solly-original-imafybxrjqgcmp4p.jpeg?q=70', 'https://rukminim2.flixcart.com/image/128/128/kikluvk0-0/watch/3/y/j/as000015h-allen-solly-original-imafybxru2ggf4mh.jpeg?q=70', 'https://rukminim2.flixcart.com/image/128/128/kikluvk0-0/watch/c/w/l/as000015h-allen-solly-original-imafybxrcefdxr9t.jpeg?q=70', 'https://rukminim2.flixcart.com/image/128/128/kkh6zrk0/watch/8/b/h/as000015h-allen-solly-original-imafzt8zwuy4s5k6.jpeg?q=70', 'https://rukminim2.flixcart.com/image/128/128/kkh6zrk0/watch/g/s/o/pe000006c-peter-england-original-imafzt8mrwkswgrc.jpeg?q=70']","['Yes', 'Analog', 'AS000015H', 'Casual', 'Thin Straps', '1', 'Quartz', 'White', 'Brass', 'Battery', 'Buckle', 'Pink', '12 Months( 1 Year)']",,60,https://www.flipkart.com/allen-solly-analog-watch-women/p/itm70ae66bb2f3d9?pid=WATFWVSGGGS55N6N&lid=LSTWATFWVSGGGS55N6N1ZCVTS&marketplace=FLIPKART&q=watches+for+women&store=r18%2Ff13&srno=s_1_34&otracker=search&fm=organic&iid=e48e1337-9b60-4dfc-91ea-470732cfffb0.WATFWVSGGGS55N6N.SEARCH&ppt=None&ppn=None&ssid=xm2q0afihc0000001693129300955&qH=96cd62809c2c7c6c
24,24,WATFUQEWG4ZEWYWW,TIMEX,Analog Watch  - For Women TWTL10102,1299,696,4.4,59842,Watches,"['Home', 'Watches', 'Wrist Watches', 'TIMEX Wrist Watches', 'TIMEX Analog Watch  - For Women\n']",https://rukminim2.flixcart.com/image/832/832/xif0q/watch/t/e/g/-original-imagrgwxtc6fzsyw.jpeg?q=70,"['https://rukminim2.flixcart.com/image/128/128/xif0q/watch/t/e/g/-original-imagrgwxtc6fzsyw.jpeg?q=70', 'https://rukminim2.flixcart.com/image/128/128/kflftzk0-0/watch/t/k/a/twtl10102-timex-original-imafwyr5xk7mecgs.jpeg?q=70', 'https://rukminim2.flixcart.com/image/128/128/xif0q/watch/x/e/n/-original-imagrzsxgxrdyafa.jpeg?q=70', 'https://rukminim2.flixcart.com/image/128/128/l0bbonk0/watch/q/o/9/-original-imagc4mgwjyntscc.jpeg?q=70', 'https://rukminim2.flixcart.com/image/128/128/kflftzk0-0/watch/8/w/s/twtl10102-timex-original-imafwyr5qafnzwfq.jpeg?q=70', 'https://rukminim2.flixcart.com/image/128/128/kflftzk0-0/watch/4/3/9/twtl10102-timex-original-imafwyr5cgtgxuad.jpeg?q=70', 'https://rukminim2.flixcart.com/image/128/128/kflftzk0-0/watch/n/u/f/twtl10102-timex-original-imafwyr5fu8janxb.jpeg?q=70', 'https://rukminim2.flixcart.com/image/128/128/kflftzk0-0/watch/r/w/9/twtl10102-timex-original-imafwyr5yj2cmfdj.jpeg?q=70', 'https://rukminim2.flixcart.com/image/128/128/kflftzk0-0/watch/x/k/o/twtl10102-timex-original-imafwyr5hf9mwddg.jpeg?q=70', 'https://rukminim2.flixcart.com/image/128/128/kflftzk0-0/watch/z/b/c/twtl10102-timex-original-imafwyr5q9uy5bne.jpeg?q=70']","['Yes', 'Analog', 'TWTL10102', 'Formal', 'Wrist Watch', '1', 'No', 'No', 'Purple', 'Genuine Leather Strap', 'No', 'No', 'Strap', 'Brass', '30', 'Battery', 'No', 'Buckle', 'Black', '14 mm', '8.75 mm', '32 mm', '200 g', '1 Year', '6 Months']",,46,https://www.flipkart.com/timex-analog-watch-women/p/itm05ec5da58ee90?pid=WATFUQEWG4ZEWYWW&lid=LSTWATFUQEWG4ZEWYWW3MHFCP&marketplace=FLIPKART&q=watches+for+women&store=r18%2Ff13&srno=s_1_36&otracker=search&fm=organic&iid=e48e1337-9b60-4dfc-91ea-470732cfffb0.WATFUQEWG4ZEWYWW.SEARCH&ppt=None&ppn=None&ssid=xm2q0afihc0000001693129300955&qH=96cd62809c2c7c6c
25,25,WATGHEHE6SV2FE7D,Wrightrack,Analogue Quartz Movement Black Dial PU Leather Strap Wrist Watch for Women's Analog Watch  - For Women WT919,2499,381,4.3,20,Watches,"['Home', 'Watches', 'Wrist Watches', 'Wrightrack Wrist Watches', ""Wrightrack Analogue Quartz Movement Black Dial PU Leather Strap Wrist Watch for Women's Analogue Quartz Movement Black Dial PU Leather Strap Wrist Watch for Women's Analog Watch  - For Women\n""]",https://rukminim2.flixcart.com/image/832/832/xif0q/watch/x/c/p/1-wt919-wrightrack-women-original-imagheh93w6syqnz.jpeg?q=70,"['https://rukminim2.flixcart.com/image/128/128/xif0q/watch/x/c/p/1-wt919-wrightrack-women-original-imagheh93w6syqnz.jpeg?q=70', 'https://rukminim2.flixcart.com/image/128/128/xif0q/watch/t/t/6/1-wt919-wrightrack-women-original-imagheh9hhaaznzh.jpeg?q=70', 'https://rukminim2.flixcart.com/image/128/128/xif0q/watch/q/s/c/1-wt919-wrightrack-women-original-imagheh9mt5recp3.jpeg?q=70', 'https://rukminim2.flixcart.com/image/128/128/xif0q/watch/k/l/8/1-wt919-wrightrack-women-original-imagheh97mqg75ff.jpeg?q=70', 'https://rukminim2.flixcart.com/image/128/128/xif0q/watch/e/0/l/1-wt919-wrightrack-women-original-imagheh9mcfnfz7f.jpeg?q=70', 'https://rukminim2.flixcart.com/image/128/128/l2jcccw0/watch/p/h/z/1-wtddhv-wrightrack-men-original-imagduzpufy2qjte.jpeg?q=70']","['Analog', 'WT919', ""Analogue Quartz Movement Black Dial PU Leather Strap Wrist Watch for Women's"", 'Casual', '1', ""Analogue Quartz Movement Black Dial PU Leather Strap Wrist Watch for Women's"", 'Black', 'No', 'No', 'Black', '12 Months( 1 Year)']","Package Content:- 1 Wrist Watch & Warranty Card, Strap Color:-Black, Strap Material:- PU Leather, Clasp: Buckle, Display Type:-Analog, Case Shape:-Round; Watch Movement Type: Quartz. A watch is one of the essential accessories which is a part of your daily wear and is an extension of your personality. Perfect Gift:- Ideal for birthday, anniversary and wedding gift Wedding Gifts, Festive Gifts, Valentine Gifts, or any other occasions. The look of the watch is such that you can pair it up with your favorite ethnic wear and prepare for a big day. Else you can also team it up with a casual or formal outfit. This Watches is specially designed for those watch lovers who believe in a trendy and fashionable life.This Watch Offers The Priceless Looks and class You Always Wanted.",84,https://www.flipkart.com/wrightrack-analogue-quartz-movement-black-dial-pu-leather-strap-wrist-watch-women-s-analog-women/p/itm2982fdaabf433?pid=WATGHEHE6SV2FE7D&lid=LSTWATGHEHE6SV2FE7DLXPCAW&marketplace=FLIPKART&q=watches+for+women&store=r18%2Ff13&srno=s_1_37&otracker=search&fm=organic&iid=en_Cfj83B2KYjdRlX_ZNUCFy-B85mS6Nj88LjGyzcCpDionsfx3gUxj37JjjEo8IfmsglVjp6sHj6k9jVMULbdrjw%3D%3D&ppt=None&ppn=None&ssid=xm2q0afihc0000001693129300955&qH=96cd62809c2c7c6c
26,26,WATGGZY3YFDGZ3F8,SONATA,SPLASH 3.0 Analog Watch  - For Women 8172SM02,874,519,4.4,1543,Watches,"['Home', 'Watches', 'Wrist Watches', 'SONATA Wrist Watches', 'SONATA SPLASH 3.0 Analog Watch  - For Women\n']",https://rukminim2.flixcart.com/image/832/832/xif0q/watch/c/4/r/-original-imagqfu2tesjcvg8.jpeg?q=70,"['https://rukminim2.flixcart.com/image/128/128/xif0q/watch/c/4/r/-original-imagqfu2tesjcvg8.jpeg?q=70', 'https://rukminim2.flixcart.com/image/128/128/xif0q/watch/z/u/h/1-8172sm02-sonata-women-original-imaggzy9d8qayrjb.jpeg?q=70', 'https://rukminim2.flixcart.com/image/128/128/xif0q/watch/y/x/5/-original-imagrzsxxyexajfh.jpeg?q=70', 'https://rukminim2.flixcart.com/image/128/128/xif0q/watch/o/j/o/-original-imagmf8gzcwkwdxg.jpeg?q=70', 'https://rukminim2.flixcart.com/image/128/128/xif0q/watch/4/6/c/1-8172sm02-sonata-women-original-imaggzy9gwc4jqew.jpeg?q=70', 'https://rukminim2.flixcart.com/image/128/128/xif0q/watch/u/j/b/1-8172sm02-sonata-women-original-imaggzy9k2xn3u2z.jpeg?q=70', 'https://rukminim2.flixcart.com/image/128/128/xif0q/watch/y/k/w/1-8172sm02-sonata-women-original-imaggzy9ezf5ratc.jpeg?q=70']","['Analog', '8172SM02', 'SPLASH 3.0', 'Casual', '1', 'Silver', 'Brass', '30', 'Clasp', 'White', '15.1 mm', '7.97 mm', '30.2 mm', 'Manufacturer', '12 Months( 1 Year)']",,40,https://www.flipkart.com/sonata-splash-3-0-analog-watch-women/p/itm83aaafbc36e2f?pid=WATGGZY3YFDGZ3F8&lid=LSTWATGGZY3YFDGZ3F86P0T1A&marketplace=FLIPKART&q=watches+for+women&store=r18%2Ff13&srno=s_1_39&otracker=search&fm=organic&iid=e48e1337-9b60-4dfc-91ea-470732cfffb0.WATGGZY3YFDGZ3F8.SEARCH&ppt=None&ppn=None&ssid=xm2q0afihc0000001693129300955&qH=96cd62809c2c7c6c
27,27,WATFWVSGHCSP7DYV,Allen Solly,Analog Watch  - For Women AS000015G,2922,1314,4.4,7901,Watches,"['Home', 'Watches', 'Wrist Watches', 'Allen Solly Wrist Watches', 'Allen Solly Analog Watch  - For Women\n']",https://rukminim2.flixcart.com/image/832/832/xif0q/watch/4/8/g/-original-imagrk9sbbjr66ev.jpeg?q=70,"['https://rukminim2.flixcart.com/image/128/128/xif0q/watch/4/8/g/-original-imagrk9sbbjr66ev.jpeg?q=70', 'https://rukminim2.flixcart.com/image/128/128/xif0q/watch/4/8/g/-original-imagrk9sbbjr66ev.jpeg?q=70', 'https://rukminim2.flixcart.com/image/128/128/khdqnbk0/watch/z/3/s/as000015g-allen-solly-original-imafxevenm4m7z8f.jpeg?q=70', 'https://rukminim2.flixcart.com/image/128/128/xif0q/watch/2/x/w/-original-imagsbx4a5szwb5h.jpeg?q=70', 'https://rukminim2.flixcart.com/image/128/128/kikluvk0-0/watch/o/l/q/as000015g-allen-solly-original-imafybxrcdyc9ht6.jpeg?q=70', 'https://rukminim2.flixcart.com/image/128/128/kikluvk0-0/watch/k/9/y/as000015g-allen-solly-original-imafybxr2wzvanhv.jpeg?q=70', 'https://rukminim2.flixcart.com/image/128/128/kikluvk0-0/watch/r/a/k/as000015g-allen-solly-original-imafybxrz3zhhc7f.jpeg?q=70', 'https://rukminim2.flixcart.com/image/128/128/kikluvk0-0/watch/4/e/l/as000015g-allen-solly-original-imafybxryne9hx3r.jpeg?q=70', 'https://rukminim2.flixcart.com/image/128/128/kikluvk0-0/watch/m/y/w/as000015g-allen-solly-original-imafybxru8zuhe5n.jpeg?q=70', 'https://rukminim2.flixcart.com/image/128/128/kikluvk0-0/watch/m/i/a/as000015g-allen-solly-original-imafybxrnecwkkm5.jpeg?q=70', 'https://rukminim2.flixcart.com/image/128/128/kikluvk0-0/watch/l/3/h/as000015g-allen-solly-original-imafybxrhexh94j9.jpeg?q=70', 'https://rukminim2.flixcart.com/image/128/128/kikluvk0-0/watch/g/a/w/as000015g-allen-solly-original-imafybxr5z9njvnp.jpeg?q=70', 'https://rukminim2.flixcart.com/image/128/128/kikluvk0-0/watch/a/0/e/as000015g-allen-solly-original-imafybxrwzqw47bh.jpeg?q=70', 'https://rukminim2.flixcart.com/image/128/128/kkh6zrk0/watch/c/z/u/as000015g-allen-solly-original-imafzt8ng2n9bwvz.jpeg?q=70', 'https://rukminim2.flixcart.com/image/128/128/kkh6zrk0/watch/g/s/o/pe000006c-peter-england-original-imafzt8mrwkswgrc.jpeg?q=70']","['Yes', 'Analog', 'AS000015G', 'Casual', 'Wrist Watch', '1', 'Quartz', 'Rose Gold', 'Brass', 'Battery', 'Blue', '12 Months( 1 Year)']",,55,https://www.flipkart.com/allen-solly-analog-watch-women/p/itmaa0832229c1d4?pid=WATFWVSGHCSP7DYV&lid=LSTWATFWVSGHCSP7DYVFT5IEQ&marketplace=FLIPKART&q=watches+for+women&store=r18%2Ff13&srno=s_1_40&otracker=search&fm=organic&iid=e48e1337-9b60-4dfc-91ea-470732cfffb0.WATFWVSGHCSP7DYV.SEARCH&ppt=None&ppn=None&ssid=xm2q0afihc0000001693129300955&qH=96cd62809c2c7c6c
31,31,WATG5JXDX4GCBF9F,TIMEX,Analog Watch  - For Women TWTL87SMU07,2495,1149,4.3,993,Watches,"['Home', 'Watches', 'Wrist Watches', 'TIMEX Wrist Watches', 'TIMEX Analog Watch  - For Women\n']",https://rukminim2.flixcart.com/image/832/832/xif0q/watch/y/2/w/-original-imagrtbrmrwmze7y.jpeg?q=70,"['https://rukminim2.flixcart.com/image/128/128/xif0q/watch/y/2/w/-original-imagrtbrmrwmze7y.jpeg?q=70', 'https://rukminim2.flixcart.com/image/128/128/xif0q/watch/y/2/w/-original-imagrtbrmrwmze7y.jpeg?q=70', 'https://rukminim2.flixcart.com/image/128/128/ktvucnk0/watch/r/q/8/twtl87smu07-timex-women-original-imag74m6xfufg4hg.jpeg?q=70', 'https://rukminim2.flixcart.com/image/128/128/xif0q/watch/i/4/u/-original-imagsyz8zqacwheg.jpeg?q=70', 'https://rukminim2.flixcart.com/image/128/128/l0bbonk0/watch/l/t/r/-original-imagc4nqzg3zypyy.jpeg?q=70', 'https://rukminim2.flixcart.com/image/128/128/ktvucnk0/watch/x/o/g/twtl87smu07-timex-women-original-imag74m6v2hgknmw.jpeg?q=70', 'https://rukminim2.flixcart.com/image/128/128/ktvucnk0/watch/u/6/q/twtl87smu07-timex-women-original-imag74m68bshsgxf.jpeg?q=70', 'https://rukminim2.flixcart.com/image/128/128/ktvucnk0/watch/q/a/d/twtl87smu07-timex-women-original-imag74m6jfywstg7.jpeg?q=70', 'https://rukminim2.flixcart.com/image/128/128/ktvucnk0/watch/n/4/c/twtl87smu07-timex-women-original-imag74m6fcgvhqtf.jpeg?q=70']","['Yes', 'Analog', 'TWTL87SMU07', 'Casual', 'Wrist Watch', '1', 'No', 'No', 'Quartz', 'Rose Gold', 'Stainless Steel Strap', 'No', 'No', 'Bracelet', 'Brass', '30', 'Battery Powered', 'No', 'Push-Button clasp', 'Cardboard', '3 Hands', 'Black', '8.1 mm', '28 mm', '54.95 g', '1 Year', '1 Year Warranty against manufacturing defects.', '12 Months( 1 Year)']",28mm Women's rose gold tone bracelet watch with black dial.,53,https://www.flipkart.com/timex-analog-watch-women/p/itmea844ccbd097b?pid=WATG5JXDX4GCBF9F&lid=LSTWATG5JXDX4GCBF9FPNVDVZ&marketplace=FLIPKART&q=watches+for+women&store=r18%2Ff13&srno=s_2_44&otracker=search&fm=organic&iid=a6c84adb-6831-4503-90cc-524206637ae2.WATG5JXDX4GCBF9F.SEARCH&ppt=None&ppn=None&ssid=n3cn8wwq3k0000001693129302643&qH=96cd62809c2c7c6c
32,32,WATGFSRQGMCWGKBE,TIMEX,Analog Watch  - For Women TWHL41SMU11,2595,1167,4.4,882,Watches,"['Home', 'Watches', 'Wrist Watches', 'TIMEX Wrist Watches', 'TIMEX Analog Watch  - For Women\n']",https://rukminim2.flixcart.com/image/832/832/xif0q/watch/h/q/n/-original-imagsn6pauwhgfac.jpeg?q=70,"['https://rukminim2.flixcart.com/image/128/128/xif0q/watch/h/q/n/-original-imagsn6pauwhgfac.jpeg?q=70', 'https://rukminim2.flixcart.com/image/128/128/xif0q/watch/h/w/f/-original-imaghfn2zg8jf9vp.jpeg?q=70', 'https://rukminim2.flixcart.com/image/128/128/xif0q/watch/u/n/o/-original-imaghzrbtfhqf2f8.jpeg?q=70', 'https://rukminim2.flixcart.com/image/128/128/xif0q/watch/r/p/p/-original-imags7gfpsanzhbn.jpeg?q=70', 'https://rukminim2.flixcart.com/image/128/128/xif0q/watch/5/w/e/-original-imaghfn2qz2k9dht.jpeg?q=70', 'https://rukminim2.flixcart.com/image/128/128/xif0q/watch/3/2/9/-original-imaghfn2wyurwazh.jpeg?q=70', 'https://rukminim2.flixcart.com/image/128/128/xif0q/watch/i/r/d/-original-imaghfn2xjrgdghg.jpeg?q=70']","['Analog', 'TWHL41SMU11', 'Casual', '1', 'No', 'Quartz', 'Rose Gold', 'No', 'No', 'Bracelet', 'Brass', '30', 'No', 'Push-Button clasp', 'Rose Gold', '12 mm', '7.5 mm', '34.3 mm', '70 g', '1 Year', '1 Year warranty against manufacturing defects.', '12 Months( 1 Year)']",Timex Women's fashionable 34 mm full rose gold watch with rose gold dial and rose gold stainless steel bracelet.,55,https://www.flipkart.com/timex-analog-watch-women/p/itmf16106bbf3dc3?pid=WATGFSRQGMCWGKBE&lid=LSTWATGFSRQGMCWGKBEOAXV5Q&marketplace=FLIPKART&q=watches+for+women&store=r18%2Ff13&srno=s_2_45&otracker=search&fm=organic&iid=a6c84adb-6831-4503-90cc-524206637ae2.WATGFSRQGMCWGKBE.SEARCH&ppt=None&ppn=None&ssid=n3cn8wwq3k0000001693129302643&qH=96cd62809c2c7c6c
33,33,WATFUJ94YESV5MCT,Fastrack,Analog Watch  - For Women 6204SM03,1895,1326,4.4,30879,Watches,"['Home', 'Watches', 'Wrist Watches', 'Fastrack Wrist Watches', 'Fastrack Analog Watch  - For Women\n']",https://rukminim2.flixcart.com/image/832/832/xif0q/watch/g/u/c/-original-imagqrchyanfeaeq.jpeg?q=70,"['https://rukminim2.flixcart.com/image/128/128/xif0q/watch/g/u/c/-original-imagqrchyanfeaeq.jpeg?q=70', 'https://rukminim2.flixcart.com/image/128/128/xif0q/watch/g/u/c/-original-imagqrchyanfeaeq.jpeg?q=70', 'https://rukminim2.flixcart.com/image/128/128/kdoup3k0-0/watch/8/h/n/6204sm03-fastrack-original-imafuj94dscwuhph.jpeg?q=70', 'https://rukminim2.flixcart.com/image/128/128/xif0q/watch/b/w/4/-original-imagsyzfgrgmsr2s.jpeg?q=70', 'https://rukminim2.flixcart.com/image/128/128/l13whow0/watch/f/e/v/-original-imagcqxrdhhzt3pp.jpeg?q=70', 'https://rukminim2.flixcart.com/image/128/128/kdoup3k0-0/watch/r/v/z/6204sm03-fastrack-original-imafuj94htwmzs8s.jpeg?q=70', 'https://rukminim2.flixcart.com/image/128/128/kdoup3k0-0/watch/e/2/3/6204sm03-fastrack-original-imafuj94hyd5hbfh.jpeg?q=70', 'https://rukminim2.flixcart.com/image/128/128/kdoup3k0-0/watch/g/d/d/6204sm03-fastrack-original-imafuj94mwt9apdv.jpeg?q=70', 'https://rukminim2.flixcart.com/image/128/128/kdoup3k0-0/watch/0/o/o/6204sm03-fastrack-original-imafuj949fe9whnc.jpeg?q=70', 'https://rukminim2.flixcart.com/image/128/128/kdoup3k0-0/watch/v/4/y/6204sm03-fastrack-original-imafuj94zfhpyfnq.jpeg?q=70']","['30 m', 'Analog', '6204SM03', 'Casual', 'Metallic, Thin Straps', '1', 'Watch, Foam, Warranty Card', 'Silver', 'Stainless Steel Strap', 'Brass', 'Normal', 'Blue', '2 Years']",3 ATM/30 m Water resistance. Metal Strap. Stainless steel back cover. High precision quartz analogue movement.,30,https://www.flipkart.com/fastrack-analog-watch-women/p/itmd0ba6bb3b309e?pid=WATFUJ94YESV5MCT&lid=LSTWATFUJ94YESV5MCTUWVH0H&marketplace=FLIPKART&q=watches+for+women&store=r18%2Ff13&srno=s_2_46&otracker=search&fm=organic&iid=a6c84adb-6831-4503-90cc-524206637ae2.WATFUJ94YESV5MCT.SEARCH&ppt=None&ppn=None&ssid=n3cn8wwq3k0000001693129302643&qH=96cd62809c2c7c6c
35,35,WATFV9UQESRQGFT3,Titan,Neo Ladies V Analog Watch  - For Women NP2648WL01,3195,2096,4.4,732,Watches,"['Home', 'Watches', 'Wrist Watches', 'Titan Wrist Watches', 'Titan NP2648WL01 Neo Ladies V Analog Watch  - For Women\n']",https://rukminim2.flixcart.com/image/832/832/xif0q/watch/v/b/q/-original-imagqrchp7uu4hxr.jpeg?q=70,"['https://rukminim2.flixcart.com/image/128/128/xif0q/watch/v/b/q/-original-imagqrchp7uu4hxr.jpeg?q=70', 'https://rukminim2.flixcart.com/image/128/128/kg2l47k0-0/watch/l/j/e/2648wl01-titan-original-imafwe2yvhsmtxz4.jpeg?q=70', 'https://rukminim2.flixcart.com/image/128/128/xif0q/watch/3/b/a/-original-imagsyzcxgkbabvz.jpeg?q=70', 'https://rukminim2.flixcart.com/image/128/128/l0bbonk0/watch/e/o/y/-original-imagc4mgz7hsbwza.jpeg?q=70', 'https://rukminim2.flixcart.com/image/128/128/kg2l47k0-0/watch/x/5/b/2648wl01-titan-original-imafwe2y7juj9grw.jpeg?q=70', 'https://rukminim2.flixcart.com/image/128/128/kg2l47k0-0/watch/u/t/e/2648wl01-titan-original-imafwe2yvzx2t4wb.jpeg?q=70', 'https://rukminim2.flixcart.com/image/128/128/kg2l47k0-0/watch/d/e/b/2648wl01-titan-original-imafwe2yjmwbdpnt.jpeg?q=70', 'https://rukminim2.flixcart.com/image/128/128/kg2l47k0-0/watch/u/b/h/2648wl01-titan-original-imafwe2yuty63ghe.jpeg?q=70', 'https://rukminim2.flixcart.com/image/128/128/kg2l47k0-0/watch/a/7/r/2648wl01-titan-original-imafwe2yesv7rjk3.jpeg?q=70', 'https://rukminim2.flixcart.com/image/128/128/kg2l47k0-0/watch/g/r/w/2648wl01-titan-original-imafwe2y7zysvhrf.jpeg?q=70']","['50 m', 'Analog', 'NP2648WL01', 'Neo Ladies V', 'Casual', 'Wrist Watch', '1', 'NP2648WL01', 'Green', 'Stainless Steel', 'Buckle', 'Green', '38 mm', '2 Years']",Minimalistic contemporary design,34,https://www.flipkart.com/titan-np2648wl01-neo-ladies-v-analog-watch-women/p/itme33ee85fb821e?pid=WATFV9UQESRQGFT3&lid=LSTWATFV9UQESRQGFT34WFKZO&marketplace=FLIPKART&q=watches+for+women&store=r18%2Ff13&srno=s_2_49&otracker=search&fm=organic&iid=a6c84adb-6831-4503-90cc-524206637ae2.WATFV9UQESRQGFT3.SEARCH&ppt=None&ppn=None&ssid=n3cn8wwq3k0000001693129302643&qH=96cd62809c2c7c6c
36,36,WATGPNAHSYRJXKN2,VAN HEUSEN,Analog Watch  - For Women VH000008F,2999,1145,4.4,12,Watches,"['Home', 'Watches', 'Wrist Watches', 'VAN HEUSEN Wrist Watches', 'VAN HEUSEN Analog Watch  - For Women\n']",https://rukminim2.flixcart.com/image/832/832/xif0q/watch/v/x/7/-original-imagrwh7fj7yghud.jpeg?q=70,"['https://rukminim2.flixcart.com/image/128/128/xif0q/watch/v/x/7/-original-imagrwh7fj7yghud.jpeg?q=70', 'https://rukminim2.flixcart.com/image/128/128/xif0q/watch/y/x/1/1-vh000008f-van-heusen-women-original-imagru7aphqwsujy.jpeg?q=70', 'https://rukminim2.flixcart.com/image/128/128/xif0q/watch/a/v/m/1-vh000008f-van-heusen-women-original-imagru7axg2c3vhh.jpeg?q=70', 'https://rukminim2.flixcart.com/image/128/128/xif0q/watch/i/9/c/1-vh000008f-van-heusen-women-original-imagru7agrmh3mh7.jpeg?q=70', 'https://rukminim2.flixcart.com/image/128/128/xif0q/watch/z/k/g/1-vh000008f-van-heusen-women-original-imagru7avp5pdhzj.jpeg?q=70', 'https://rukminim2.flixcart.com/image/128/128/xif0q/watch/e/p/e/1-vh000008f-van-heusen-women-original-imagru7ag7e8wgsf.jpeg?q=70', 'https://rukminim2.flixcart.com/image/128/128/xif0q/watch/y/f/h/1-vh000008f-van-heusen-women-original-imagru7ajdfb7ekj.jpeg?q=70', 'https://rukminim2.flixcart.com/image/128/128/xif0q/watch/n/x/2/1-vh000008f-van-heusen-women-original-imagru7aqtnkdfyu.jpeg?q=70']","['Yes', 'Analog', 'VH000008F', 'Casual', 'Wrist Watch', '1', '1 Watch::1 Cardboard Box::1 Warranty card ::1 Watch Pillow', 'No', 'No', 'Quartz', 'Silver', 'No', 'No', 'Bracelet', 'Battery Powered', 'No', 'Push Button Fold Over Clasp', 'Grey', '35 mm', '35 mm', '9 mm', '30 mm', '12 Months( 1 Year)']",,61,https://www.flipkart.com/van-heusen-analog-watch-women/p/itme8217a8d11ec6?pid=WATGPNAHSYRJXKN2&lid=LSTWATGPNAHSYRJXKN2K0VIBO&marketplace=FLIPKART&q=watches+for+women&store=r18%2Ff13&srno=s_2_50&otracker=search&fm=organic&iid=a6c84adb-6831-4503-90cc-524206637ae2.WATGPNAHSYRJXKN2.SEARCH&ppt=None&ppn=None&ssid=n3cn8wwq3k0000001693129302643&qH=96cd62809c2c7c6c
